position,Mean_log10_RoHO,Median_log10_RoHO,SD_log10_RoHO,t_test,signif_t_test,mean_of_diff.mean of the differences,sign_test,sign_test_bonferroni,wilcox_test,nb_replicates,Mutation_type
301,-0.535595673110632,-0.397940008672038,0.677042750774876,0.139851514145374,,-77.1639344262295,3.24E-08,2.64E-05,1.67E-07,61,deletion
302,-0.535595673110632,-0.397940008672038,0.677042750774876,0.139851514145374,,-77.1639344262295,3.24E-08,2.64E-05,1.67E-07,61,deletion
303,-0.534917104501481,-0.397940008672038,0.677034274317371,0.139936953783538,,-77.1475409836066,3.24E-08,2.64E-05,1.67E-07,61,deletion
304,-0.534914830238031,-0.397940008672038,0.67702784864185,0.139898055874116,,-77.1311475409836,3.24E-08,2.64E-05,1.67E-07,61,deletion
305,-0.537803846453213,-0.397940008672038,0.674322123835512,0.139851194507433,,-77.1639344262295,7.60E-09,6.18E-06,1.67E-07,61,deletion
306,-0.529129590865258,-0.397940008672038,0.672250776915604,0.139830285362236,,-75.9193548387097,7.60E-09,6.18E-06,1.67E-07,62,deletion
307,-0.53508946858344,-0.397940008672038,0.678624692294007,0.137307335828194,,-76.4032258064516,7.60E-09,6.18E-06,1.67E-07,62,deletion
308,-0.520415357267089,-0.397940008672038,0.674289632590206,0.141651153506303,,-76.8196721311475,1.37E-08,1.11E-05,2.69E-07,61,deletion
309,-0.523302099218821,-0.397940008672038,0.672398804376576,0.141564646398818,,-76.8360655737705,7.60E-09,6.18E-06,2.06E-07,61,deletion
310,-0.520415357267089,-0.397940008672038,0.674289632590206,0.141651153506303,,-76.8196721311475,1.37E-08,1.11E-05,2.69E-07,61,deletion
311,-0.523302099218821,-0.397940008672038,0.672398804376576,0.141564646398818,,-76.8360655737705,7.60E-09,6.18E-06,2.06E-07,61,deletion
312,-0.523302099218821,-0.397940008672038,0.672398804376576,0.141564646398818,,-76.8360655737705,7.60E-09,6.18E-06,2.06E-07,61,deletion
313,0.22900516565895,0,0.766040498075267,0.311256525960001,,559.904761904762,0.814529418945312,1,0.337435041239953,21,SNP
314,-0.523130534732294,-0.397940008672038,0.67227097272962,0.14164966750296,,-76.8196721311475,7.60E-09,6.18E-06,2.06E-07,61,deletion
315,-0.529088946554873,-0.397940008672038,0.676539606416617,0.141673435632531,,-78.1,1.37E-08,1.11E-05,2.69E-07,60,deletion
316,-0.529088946554873,-0.397940008672038,0.676539606416617,0.141673435632531,,-78.1,1.37E-08,1.11E-05,2.69E-07,60,deletion
317,-0.529088946554873,-0.397940008672038,0.676539606416617,0.141673435632531,,-78.1,1.37E-08,1.11E-05,2.69E-07,60,deletion
318,-0.52074826261394,-0.397940008672038,0.679228483388953,0.143341992612499,,-79.1016949152542,2.46E-08,2.00E-05,4.34E-07,59,deletion
319,-0.52074826261394,-0.397940008672038,0.679228483388953,0.143341992612499,,-79.1016949152542,2.46E-08,2.00E-05,4.34E-07,59,deletion
320,-0.538943555944211,-0.397940008672038,0.686392600597592,0.143392148679416,,-81.8771929824561,4.41E-08,3.59E-05,5.48E-07,57,deletion
321,-0.55372273357141,-0.397940008672038,0.691995987641424,0.143445072014517,,-84.8545454545455,7.88E-08,6.41E-05,5.75E-07,55,deletion
322,-0.55988307096329,-0.397940008672038,0.683614768824464,0.143182610199374,,-84.9090909090909,7.88E-08,6.41E-05,4.55E-07,55,deletion
323,-0.560568336253715,-0.397940008672038,0.692997830537495,0.143385278486975,,-86.4444444444444,1.41E-07,0.000114380226933,6.11E-07,54,deletion
324,-0.560568336253715,-0.397940008672038,0.692997830537495,0.143385278486975,,-86.4444444444444,1.41E-07,0.000114380226933,6.11E-07,54,deletion
325,-0.571147714027728,-0.397940008672038,0.69522248302826,0.143453184600371,,-88.0943396226415,1.41E-07,0.000114380226933,6.11E-07,53,deletion
326,-0.583928306415528,-0.397940008672038,0.698265827751773,0.144127803587804,,-91.4117647058823,5.65E-08,4.60E-05,6.75E-07,51,deletion
327,-0.593108097811673,-0.397940008672038,0.702239470995788,0.144248906946476,,-93.22,1.03E-07,8.35E-05,8.88E-07,50,deletion
328,-0.5953379925945,-0.397940008672038,0.715245593795379,0.145377405243331,,-96.8541666666667,3.35E-07,0.000272947341728,1.85E-06,48,deletion
329,-0.596291273647848,-0.397940008672038,0.714705220667826,0.145377405243331,,-96.8541666666667,3.35E-07,0.000272947341728,1.85E-06,48,deletion
330,-0.597940882940507,-0.397940008672038,0.713913523064825,0.145288946206723,,-96.875,3.35E-07,0.000272947341728,1.85E-06,48,deletion
331,-0.709025861792871,-0.583165710883263,0.698716742604641,0.143340170958082,,-111.309523809524,2.27E-07,0.000184951873962,4.64E-07,42,deletion
332,-0.735685911692658,-0.520696342579113,0.733328907252294,0.149194910243647,,-128.138888888889,8.68E-07,0.000706546008587,3.29E-06,36,deletion
333,-0.742240560301211,-0.520696342579113,0.729208950353122,0.149103450712881,,-128.166666666667,8.68E-07,0.000706546008587,3.29E-06,36,deletion
334,-0.742776814612194,-0.520696342579113,0.729442291021372,0.149013483581622,,-128.194444444444,8.68E-07,0.000706546008587,3.29E-06,36,deletion
335,-0.410258038176249,-0.477121254719662,0.876736558436819,0.238659027996688,,-39.0952380952381,0.041389465332031,1,0.020556184841962,21,SNP
336,-0.742776814612194,-0.520696342579113,0.729442291021372,0.149013483581622,,-128.194444444444,8.68E-07,0.000706546008587,3.29E-06,36,deletion
337,-0.751065820929376,-0.564271430438563,0.720779466906832,0.145353817086933,,-124.918918918919,4.63E-07,0.000376773998141,2.18E-06,37,deletion
338,-0.742776814612194,-0.520696342579113,0.729442291021372,0.149013483581622,,-128.194444444444,8.68E-07,0.000706546008587,3.29E-06,36,deletion
339,-0.733689394283325,-0.477121254719662,0.738013700928099,0.150955132891438,,-131.228571428571,1.62E-06,0.001322120428085,4.97E-06,35,deletion
340,-0.733693356733868,-0.477121254719662,0.738023002126654,0.150993567837888,,-131.257142857143,1.62E-06,0.001322120428085,4.97E-06,35,deletion
341,-0.733693356733868,-0.477121254719662,0.738023002126654,0.150993567837888,,-131.257142857143,1.62E-06,0.001322120428085,4.97E-06,35,deletion
342,-0.733693356733868,-0.477121254719662,0.738023002126654,0.150993567837888,,-131.257142857143,1.62E-06,0.001322120428085,4.97E-06,35,deletion
374,-0.338047256486742,-0.360929255684883,0.151813879430841,0.41225606578811,,-93.6666666666667,0.25,1,0.25,3,SNP
379,0.207749763465967,0,1.12770169022557,0.440964826506192,,165.333333333333,1,1,1,3,SNP
408,0.746224414427948,0,1.29249859963754,0.422649730810374,,229.666666666667,1,1,1,3,SNP
445,0.219391866765654,0.176091259055681,1.06884080211976,0.402267333581676,,-318.2,1,1,0.892250486903652,5,SNP
515,-0.421354827677212,-0.301029995663981,0.620914669246176,0.016098565372269,signif,-12.0526315789474,0.143463134765625,1,0.029235014058242,19,deletion
516,-0.377333159719287,-0.176091259055681,0.723616825870322,0.089112578252789,,-22.8076923076923,0.40487289428711,1,0.042632939409763,26,deletion
517,-0.378148132760438,-0.176091259055681,0.718842139475158,0.087890168018473,,-22.8846153846154,0.541256189346313,1,0.049779606397801,26,deletion
518,-0.345666941397987,-0.301029995663981,0.630156654996663,0.056769850729479,,-17.8918918918919,0.229481013026088,1,0.006276185054059,37,deletion
519,-0.407558390950522,-0.301029995663981,0.628168452697039,0.099586111636076,,-20.8518518518519,0.043285250663757,1,0.006153388226237,27,deletion
520,-0.398266808443737,-0.176091259055681,0.642251897265725,0.10369795214623,,-21.3461538461538,0.063914656639099,1,0.012024314692984,26,deletion
526,-0.083946942989463,0,0.640927053167759,0.47391101260571,,19.5555555555556,1,1,1,9,SNP
593,0.055374967933991,-0.008572714879009,0.432641407830099,0.391454461588077,,7.83333333333333,0.803619384765625,1,0.755656114381617,18,SNP
625,0.095329885525675,0,0.835054439277093,0.439116475023759,,21.375,1,1,1,8,SNP
683,-0.450216974617615,-0.671211340411103,0.684540465621469,0.061718672509917,,-13.8571428571429,0.4239501953125,1,0.067930050789264,14,SNP
686,-0.322370408134394,-0.301029995663981,0.58410268506457,0.002328111811882,signif,-14.5753424657534,0.000497091586381,0.404632551314161,7.07E-05,73,deletion
687,-0.333859442374798,-0.301029995663981,0.576628666875677,0.002046171676647,signif,-14.9166666666667,0.000264278661827,0.215122830727421,3.53E-05,72,deletion
688,-0.339403115436983,-0.301029995663981,0.566865916831653,0.001913221993515,signif,-14.9583333333333,0.000264278661827,0.215122830727421,3.02E-05,72,deletion
689,-0.363297778235787,-0.301029995663981,0.621192575124318,0.049693155842303,signif,-27.7808219178082,0.000176327112551,0.143530269616874,2.34E-05,73,deletion
690,-0.366379145723369,-0.301029995663981,0.612973450785849,0.047392514764561,signif,-28.041095890411,0.000176327112551,0.143530269616874,2.09E-05,73,deletion
691,-0.366379145723369,-0.301029995663981,0.612973450785849,0.047392514764561,signif,-28.041095890411,0.000176327112551,0.143530269616874,2.09E-05,73,deletion
692,-0.366379145723369,-0.301029995663981,0.612973450785849,0.047392514764561,signif,-28.041095890411,0.000176327112551,0.143530269616874,2.09E-05,73,deletion
693,-0.34921206919127,-0.301029995663981,0.628871012921046,0.049014498180952,signif,-27.4864864864865,0.000336709349466,0.274081410465518,4.87E-05,74,deletion
694,-0.337271742065083,-0.301029995663981,0.633019274921531,0.049676431050943,signif,-27.04,0.000617378264067,0.502545906950643,8.59E-05,75,deletion
772,0.385026195408776,0.054357662322593,0.620405429666681,0.420966504630467,,229,0.5,1,0.371093369522698,3,SNP
823,0.022393769750783,0,0.576399914914274,0.795802280246978,,1.82352941176471,0.79052734375,1,0.899987731749799,17,SNP
829,-0.305920525158978,-0.255272505103306,0.929744755087577,0.318437938908175,,-100.846153846154,0.3876953125,1,0.194678376871483,13,SNP
832,0.059464934621727,-0.1249387366083,0.779294209156423,0.633930696371621,,12.0666666666667,0.4239501953125,1,0.899938590509659,15,SNP
835,-0.144477260897473,-0.176091259055681,0.575271599891156,0.646020702134078,,4.06666666666667,0.266845703125,1,0.277825527733481,15,SNP
882,0.114978493787688,0.197489403756912,1.44655687255169,0.72749877690269,,12.6666666666667,1,1,0.75,3,SNP
884,-0.069931188536112,-0.151267675330649,0.788440893890542,0.426076645644225,,-12.8888888888889,1,1,0.722049142150817,9,SNP
920,-0.359204422371467,-0.389075625191822,0.706213043349535,0.581536309851541,,-36.9166666666667,0.0654296875,1,0.196882988874863,12,SNP
936,-0.278794401328904,-0.397940008672038,0.895011581873206,0.924428652147801,,2.76923076923077,0.3876953125,1,0.16948199001219,13,SNP
1059,-0.422161525582547,-0.43753063169585,0.918559305232472,0.275773926325579,,-67,0.266845703125,1,0.183833093708481,14,SNP
1150,0.387360952733441,0.196294645143968,0.793216770509959,0.369552113972362,,19.1428571428571,0.453125,1,0.39718047121992,7,SNP
1163,1.08700107156431,0.561692454269839,1.48448338160881,0.388704667073936,,2525,0.25,1,0.18144920772142,4,SNP
1170,0.184013398401456,0.109144469425068,0.735511134295715,0.179305596856795,,9.69230769230769,1,1,0.345005375914756,13,SNP
1190,0.030775879511985,0,0.377967973774153,0.501610885999788,,2.30769230769231,0.75390625,1,0.918707405428289,13,SNP
1191,-0.237910044641208,-0.176091259055681,0.582413696944476,0.220174092900301,,-10.1428571428571,0.359283447265625,1,0.12066300326987,21,SNP
1218,-0.248440775589059,-0.146128035678238,0.610519413860852,0.221240306993065,,-8.86666666666667,0.3876953125,1,0.23823029809582,15,SNP
1288,0.079027423438981,-0.096910013008056,0.986198222001892,0.372433011804838,,-27.9333333333333,0.79052734375,1,1,15,SNP
1302,0.352374333365605,0.2491552768948,1.14873751614389,0.393501217935274,,49.1666666666667,1,1,0.84375,6,SNP
1348,-0.185934613871108,-0.301029995663981,0.607229289465702,0.623535211252476,,3.4,0.1796875,1,0.553616991965781,10,SNP
1380,-0.167565838647784,-0.088045629527841,0.477074125490427,0.472068248486376,,-1.83333333333333,1,1,0.498224853418339,6,SNP
1385,-0.256805294761171,-0.291462490443851,0.655258258614515,0.08910734116438,,-17.875,0.21875,1,0.093492483689836,8,SNP
1392,0.280741692722842,0.079181246047625,0.584296511465736,0.422653339215728,,133.333333333333,1,1,0.58621368107314,3,SNP
1419,-0.069857419012205,-0.176091259055681,0.86863048228217,0.461189063041027,,52.2222222222222,0.453125,1,0.611452986953504,9,SNP
1420,0.259879167927594,0.176091259055681,0.620745849028818,0.271764832251153,,20.2727272727273,0.34375,1,0.258763117768986,11,SNP
1426,-0.39577603412057,-0.176091259055681,0.835384010725822,0.199490636140854,,-22.2222222222222,0.5078125,1,0.551867456781661,9,SNP
1427,-0.177517391432208,-0.048455006504028,0.65452879086914,0.195554049772381,,-14.9166666666667,0.75390625,1,0.260950462847984,12,SNP
1437,0.078053860945493,0,0.636928633463513,0.768009869633071,,-8.21428571428571,1,1,0.721344123591737,14,SNP
1441,-0.495308361805486,-0.405765346183994,0.767466982114788,0.298583330458841,,-48.4,0.375,1,0.125,5,SNP
1457,-0.130701675762722,0,0.531957973795044,0.269202271334648,,-22.3333333333333,1,1,0.255700796084033,18,SNP
1594,-0.064142577050976,-0.176091259055681,1.06914793027966,0.902008864916863,,-7,0.999999999999999,1,1,13,SNP
1598,-0.287522009784211,-0.238560627359831,0.260367312367498,0.118043444116406,,-3.625,0.0703125,1,0.078578551145843,8,deletion
1599,-0.287522009784211,-0.238560627359831,0.260367312367498,0.118043444116406,,-3.625,0.0703125,1,0.078578551145843,8,deletion
1600,-0.285592297515672,-0.176091259055681,0.281167040872419,0.14954615820326,,-3.85714285714286,0.125,1,0.105794682001353,7,deletion
1601,-0.285592297515672,-0.176091259055681,0.281167040872419,0.14954615820326,,-3.85714285714286,0.125,1,0.105794682001353,7,deletion
1602,-0.285592297515672,-0.176091259055681,0.281167040872419,0.14954615820326,,-3.85714285714286,0.125,1,0.105794682001353,7,deletion
1603,-0.285592297515672,-0.176091259055681,0.281167040872419,0.14954615820326,,-3.85714285714286,0.125,1,0.105794682001353,7,deletion
1605,0.305017092133906,0.301029995663981,0.844022127419608,0.537250607494183,,-26.8857142857143,0.042773945257068,1,0.010707759006944,35,deletion
1606,0.264973693585155,0.301029995663981,0.823944706116184,0.528289029351773,,-28.3529411764706,0.061428345739842,1,0.017302207552459,34,deletion
1607,0.265637523137694,0.301029995663981,0.822048048311088,0.523710407993135,,-28.6470588235294,0.061428345739842,1,0.017302207552459,34,deletion
1625,0.004406490800119,-0.017381053129606,0.085642712466536,0.360959245836929,,-4,1,1,0.422678074170635,4,SNP
1684,-0.006514118934328,0,0.444057166302168,0.793117190838938,,-0.5,0.823802947998047,1,0.694354473030455,26,SNP
1722,-0.095805547933944,-0.198970004336019,0.510468477738221,1,,0,0.75390625,1,0.507348493382401,10,SNP
1738,-0.361934173911342,-0.176091259055681,0.565497633032712,0.074489172482389,,-13.6153846153846,0.03857421875,1,0.030661513468901,13,SNP
1758,-0.289111479262507,-0.176091259055681,1.17719691017702,0.473521347257202,,-145.625,0.266845703125,1,0.30941539633811,16,SNP
1812,0.071810765598864,0.176091259055681,0.519223435411354,0.428329284997997,,3.71428571428571,0.6875,1,0.674986713970489,7,SNP
1820,-0.060064286368077,0,0.727370219231565,0.314336148708283,,-10.6363636363636,1,1,0.861332405280922,22,SNP
1887,0.663353911241991,0.829005698328556,1.33117977179321,0.259808841699521,,64.5,0.625,1,0.375,4,SNP
1912,-0.011152000196743,0.150514997831991,0.751019752875514,0.794810214760936,,3.94117647058824,0.596614895854145,1,0.851556681816517,34,SNP
1968,-0.211355631257533,-0.150514997831991,0.506629809717125,0.981484487241739,,0.125,1,1,0.799846105662473,8,SNP
2035,0.155549624635318,-0.176091259055681,1.04495914569413,0.528709339916186,,17.5555555555556,0.7265625,1,0.833433620222324,9,SNP
2062,-0.521587254093222,-0.367976785294594,0.59613487380737,0.055376475708711,,-37,0.012939453125,1,0.010948813636665,17,SNP
2086,-0.140484524890923,-0.176091259055681,0.847451331307085,0.264984705209326,,-15.2941176470588,1,1,0.537723526736955,17,SNP
2113,-0.384583738694724,-0.146128035678238,0.653601083079137,0.117375730046715,,-12.4545454545455,0.1796875,1,0.085281058913281,11,SNP
2143,-0.053563660895381,-0.238560627359831,0.668071080231449,0.589751594280989,,3.57142857142857,0.5810546875,1,0.752787061614595,14,SNP
2416,-0.1477414630108,-0.176091259055681,0.435289505654206,0.422727893698976,,-2462.66666666667,1,1,0.75,3,SNP
2445,-0.269417772564349,-0.221848749616356,0.9192660041029,0.519984032956182,,-15.3333333333333,0.7265625,1,0.674047352705026,9,SNP
2455,-0.087531909888508,-0.150514997831991,0.978539319274709,0.572612633339705,,-15.4285714285714,0.999999999999999,1,0.833685084844735,14,SNP
2509,0.405134325084973,0.176091259055681,0.657946112876342,0.31736055813184,,92.6666666666667,0.453125,1,0.204084177765573,9,SNP
2523,-0.383290789709985,-0.301029995663981,0.506414852839882,0.244361315650811,,-5.2,0.375,1,0.3125,5,SNP
2536,0.290967486751854,0.06246936830415,0.623733205040421,0.19689299248601,,16.5,1,1,0.237740955269421,10,SNP
2698,0.38357705176528,0.194090085691441,0.652086987348099,0.304095586836822,,11.75,0.625,1,0.25,4,SNP
2706,-0.068874100116512,-0.088045629527841,1.10410114550392,0.368648160654263,,-66.9166666666667,0.5078125,1,0.635586122278767,12,SNP
2710,0.052657346093828,0,0.541757182362917,0.59728629125048,,4.55555555555556,1,1,1,9,SNP
2836,0.168226191831351,0.176091259055681,0.844730806497613,0.377299362888847,,40.7142857142857,1,1,0.86553432515616,7,SNP
2891,0.034405588700173,-0.06246936830415,1.41270883818431,0.525108654432468,,133.25,1,1,1,4,SNP
2910,-0.158118619682962,-0.334503390479288,0.671363611436265,0.546523303571182,,-2.83333333333333,0.3876953125,1,0.254241457602394,12,SNP
2939,-0.09657278939079,-0.176091259055681,0.837842129220296,0.552855417088912,,-12.0833333333333,0.3876953125,1,0.844282577988943,12,SNP
2973,0.089598518522976,0.037860356969059,1.65528888835495,0.549514160893292,,-213.625,1,1,0.799846105662473,8,SNP
3004,0.073949583205452,0,0.128084435310385,0.422649730810374,,0.666666666666667,1,1,1,3,SNP
3037,0.254967329302115,0.176091259055681,0.38090935374004,0.127446414317648,,11,0.021270751953125,1,0.022079455756703,21,SNP
3096,0.010018563590094,-0.06246936830415,0.725140437907165,0.858724990401569,,1,1,1,0.972243646186494,22,SNP
3140,-0.066504517385542,-0.5,1.00746988718319,0.653506918795628,,11.6666666666667,0.6875,1,0.5625,6,SNP
3177,-0.051101140640356,-0.1249387366083,0.941277892219121,0.517574016018576,,21.8181818181818,0.75390625,1,0.759765825978067,11,SNP
3239,-0.371545911490577,-0.627636252551653,0.913022814682972,0.743586803215993,,13.8333333333333,0.6875,1,0.5625,6,SNP
3242,-0.03628401851215,0,1.21428433023908,0.579682706625539,,25.8,1,1,1,5,SNP
3256,-0.630447912409781,-0.471004026511157,0.576394327099105,0.306892853067912,,-16,0.125,1,0.125,4,SNP
3259,-0.251131666638294,0,1.0543759406161,1,,0,1,1,1,7,SNP
3261,-0.011498413536608,0,0.588519573657864,0.385556692171159,,14.2105263157895,0.79052734375,1,0.752784132649847,19,SNP
3411,-0.234512783628296,-0.301029995663981,0.429737621440926,0.327778664761039,,-5.30769230769231,0.2265625,1,0.166481669211959,13,SNP
3569,0.293099897507866,0.146128035678238,0.838066626403271,0.395919918912019,,35.6,1,1,0.625,5,SNP
3602,-0.474986693713978,-0.349485002168009,1.04961701702506,0.580034789283439,,-153.357142857143,0.14599609375,1,0.146552245688521,14,SNP
3634,-0.22668797898702,-0.203742663289134,0.667606384913783,0.537255259575734,,21.875,0.6875,1,0.529368106184798,8,SNP
3695,-0.185967171316835,-0.301029995663981,0.531098583237529,0.809319946637388,,-6.4,1,1,0.625,5,SNP
3737,0.072353645198812,0.301029995663981,0.806226567121629,0.405499919948639,,9,1,1,0.635289318835207,9,SNP
3738,-0.068255420189934,0,0.69970946529102,0.705305187650357,,3.9375,1,1,1,16,SNP
3773,0.513798496403632,0.244510239009685,0.892623980044954,0.296716467779291,,51.3333333333333,0.6875,1,0.15625,6,SNP
3871,0.174472639352928,0,0.901502851806813,0.285366012089266,,48.5384615384615,1,1,0.455952524152644,13,SNP
3931,-0.220681781656302,0.176091259055681,2.23722642214899,0.510442494741009,,-1093,1,1,1,3,SNP
4002,0.210033115154124,0.06246936830415,1.04149161895031,0.344480621358903,,253.5,1,1,0.634991790744654,10,SNP
4006,0.629677101635243,0.602059991327962,0.626890775544915,0.343195213099136,,142.666666666667,0.21875,1,0.09259159575023,6,SNP
4040,-0.418207106360494,-0.653212513775344,0.471797348589347,0.419916065377312,,-423,1,1,0.5,3,SNP
4084,-0.170533430711598,-0.050854447944913,0.445163111293904,0.215494728211409,,-11.9,0.1795654296875,1,0.068066385096684,20,SNP
4105,-0.092514960696415,-0.26884531229258,1.22030299745563,0.952456151333273,,-2.85714285714286,0.453125,1,0.611452986953504,7,SNP
4113,-0.025046014396517,0,0.502532429686183,0.742472204460117,,1.53846153846154,0.75390625,1,0.573815596846611,13,SNP
4158,0.006799161685282,0,0.670720751745018,0.549172196488446,,20.4736842105263,1,1,0.686826695145494,19,SNP
4180,0.140341107870302,0.176091259055681,0.541561866673305,0.383661465459201,,67.2,0.625,1,0.583882420770365,5,SNP
4207,-0.280499892979598,0,0.722714612680793,0.205683121786865,,-14,1,1,0.401678166469773,7,SNP
4226,-0.633836118986355,-0.5,0.824783985546896,0.7747129232407,,-23.75,0.625,1,0.625,4,SNP
4255,-0.144597196713931,-0.048455006504028,0.742492651087367,0.612322232133446,,-7.3,1,1,0.552218999411118,10,SNP
4276,-0.179966436526367,0,0.668716863450547,0.253475734005156,,-15.5882352941176,0.79052734375,1,0.344704222006958,17,SNP
4300,-0.309159418099169,-0.176091259055681,0.598433631346852,0.108153060451693,,-11.0588235294118,0.629058837890625,1,0.117116267618025,17,SNP
4320,0.052613002023938,0.06246936830415,0.750058248013037,0.328974452184411,,13,1,1,0.799846105662473,8,SNP
4331,0.12452333772478,0.176091259055681,0.830916992332941,0.469048849405079,,-9.95238095238095,0.115318298339844,1,0.286285467718814,21,SNP
4354,-0.203144407196505,-0.252574989159953,0.383890007161994,0.493540132311184,,19,1,1,1,4,SNP
4455,-0.088375230348471,-0.034762106259212,0.606435828025817,0.377180842177268,,-4.94117647058824,1,1,0.757752924286897,17,SNP
4510,-0.164880870523876,-0.301029995663981,0.655211292060704,0.55517222085179,,7.27272727272727,0.109375,1,0.112952480687276,11,SNP
4540,-0.057617739901971,-0.145890680390475,0.52643292015857,0.388250203887904,,-10.5833333333333,0.548828125,1,0.422447841954479,12,SNP
4543,-0.008144036660424,-0.447158031342219,1.24455796902012,0.480630979045264,,225.545454545455,0.75390625,1,0.683480902201426,11,SNP
4582,-0.064668797674767,0,0.781533607546588,0.716107156199555,,4.8,1,1,1,10,SNP
4655,-0.318080836479775,-0.301029995663981,0.105793117493974,0.296473529318552,,-7,0.25,1,0.173568166555922,3,SNP
4890,0.700959843621834,0.176091259055681,0.970674730974695,0.253253210249473,,69.5,0.125,1,0.100348246462291,6,SNP
5055,-0.152533414437092,0,0.703473929943835,0.426375234376004,,-31,1,1,0.799846105662473,9,SNP
5144,-0.296003674263458,-0.176091259055681,0.788314929515942,0.661163334886919,,-12.2777777777778,0.629058837890625,1,0.296723070791531,18,SNP
5170,0.41777677770558,0.221848749616356,0.992789930732578,0.373096095204527,,399.2,1,1,0.4375,5,SNP
5173,0.386372811972358,0.422073688388757,0.747315293499339,0.774950717050708,,9,0.375,1,0.625,5,SNP
5175,-0.06461230009926,0.176091259055681,1.03555040609871,0.745888933698384,,-13.1818181818182,1,1,0.893851574333904,11,SNP
5183,-0.079117222207059,-0.131620717387291,0.715736786776344,0.443357697439362,,18.3,1,1,0.404456896479104,10,SNP
5184,0.013703545102979,-0.176091259055681,0.85921495148213,0.800617651117756,,-7.71428571428571,0.6875,1,0.833935414088552,7,SNP
5230,-0.09835983355849,-0.150514997831991,0.392285668047614,0.531864275215872,,-21.7857142857143,0.7744140625,1,0.206787716707456,14,SNP
5301,-0.111277324711466,0.198970004336019,0.800046747009929,0.667242159882546,,-6.25,1,1,1,8,SNP
5305,0.097490730676239,-0.1249387366083,0.938383443861863,0.535448330677758,,50.6666666666667,1,1,1,3,SNP
5339,0.101723656267192,0.176091259055681,0.573010964137265,0.278090385627744,,4.66666666666667,0.581054687500001,1,0.326989349598015,15,SNP
5365,-0.561209069116314,-0.301029995663981,0.878123784296549,0.098257034210832,,-82.5263157894737,0.012939453125,1,0.009164232664635,19,SNP
5512,-0.02735662438987,0,0.836662612017625,0.664668177845215,,-6.23529411764706,1,1,0.801444688763738,17,SNP
5572,0.462577018645477,0.334503390479288,1.03078134493843,0.194181408573572,,45.1666666666667,1,1,0.4375,6,SNP
5575,-0.423688924095513,-0.301029995663981,0.496514598519569,0.214163130242103,,-13,0.5,1,0.371093369522698,3,SNP
5622,-0.10519688053618,-0.301029995663981,0.94700027774746,0.354510781517608,,270.909090909091,0.34375,1,0.306487556615079,11,SNP
5629,-0.290856807610217,-0.301029995663981,0.472728839209733,0.16065108141049,,-6.14285714285714,0.125,1,0.107688896292735,7,SNP
5672,-0.166526852047562,-0.176091259055681,1.02274927073704,0.330907194071546,,-298.923076923077,0.999999999999999,1,0.861094241505673,13,SNP
5700,0.994473342862487,0.963611833354332,1.39721970091476,0.313964658720664,,259.5,0.625,1,0.375,4,SNP
5730,-0.096720676449517,0,0.673978230193194,0.315903644020691,,-17.4,1,1,0.583882420770365,5,SNP
5784,-0.133779154578702,0.213879819945081,0.906109196782138,0.261283980636433,,-50.7777777777778,1,1,0.8203125,9,SNP
5812,-0.044484082806136,-0.135533386143269,0.660081056559706,0.400997648753679,,10.3571428571429,0.2265625,1,0.721447272762191,14,SNP
5869,-0.16882256832785,-0.150514997831991,0.55335696717808,0.932537753968793,,0.346153846153846,0.133800506591797,1,0.078685355093114,26,SNP
5884,0.044297854960064,-0.022878745280338,0.767798823315052,0.480594224355462,,11.6875,0.5810546875,1,1,16,SNP
5907,0.277541810159502,0.272034022175138,0.734530751886261,0.253289283658297,,14.4,0.179687499999999,1,0.172316262468393,10,SNP
5950,0.427988929046652,0.397940008672038,1.05744755677007,0.374327266970508,,52.6,1,1,0.625,5,SNP
5958,0.493095772158723,0.176091259055681,0.549067922923103,0.413380018900337,,63,0.25,1,0.25,3,SNP
5986,-0.174068873267063,0,0.780644165549544,0.644313120261969,,-18.6153846153846,0.75390625,1,1,13,SNP
6026,-0.130798325054882,0,1.11266997216415,0.356202168341951,,-140.5,1,1,0.779170748363141,10,SNP
6027,-0.059316470296741,0,0.757488847132443,0.650494293584159,,-3.38461538461538,1,1,0.63722196804251,13,SNP
6033,0.066691697948454,0.181838402400935,0.669504113402978,0.368461930107795,,-16.75,1,1,0.625,4,SNP
6040,-0.07589240980345,-0.096910013008056,0.632952456140915,0.50447130894707,,4.17391304347826,0.076812744140625,1,0.421762261556001,23,SNP
6285,0.097641291382464,0.088045629527841,0.756655479219102,0.360610493092694,,-205.416666666667,0.75390625,1,1,12,SNP
6286,0.124056017634514,0,1.22308702043651,0.349698832152718,,2325.10526315789,0.60723876953125,1,0.954514774095933,19,SNP
6312,0.040735383671972,-0.006574862183897,0.55628473668603,0.449163454517133,,-25,1,1,1,4,SNP
6317,0.051054501020661,0.176091259055681,0.234428832575528,0.670179973318781,,0.4,1,1,0.78353049777411,5,SNP
6318,0.13881929756719,0.054572234712534,0.568667852025377,0.320958127632941,,24.6666666666667,1,1,0.752493649033783,6,SNP
6352,-0.037522975298854,-0.26884531229258,0.930118919658004,0.398858462161722,,64.7142857142857,0.6875,1,0.529368106184798,7,SNP
6395,0.228294615485413,-0.088045629527841,1.05605206029566,0.412588327077958,,38,1,1,1,6,SNP
6401,0.005025273972196,0,0.329224806497467,0.398776011134985,,-7.5,1,1,0.684469821025155,8,SNP
6402,-0.194400015789186,-0.301029995663981,0.567798034371567,0.171702323714933,,-6.6,0.237884521484375,1,0.063743532998179,20,SNP
6445,0.395142555305533,0.301029995663981,0.737047651926024,0.312640326613724,,109.857142857143,0.453125,1,0.15625,7,SNP
6525,-0.227790619681684,-0.088045629527841,0.399753828463238,0.181213059073745,,-7.5,0.7265625,1,0.23165136251833,10,SNP
6539,-0.113705652583218,0,0.704890542395078,0.993944636687414,,-0.117647058823529,0.79052734375,1,0.57179745344409,17,SNP
6541,-0.245655489787736,-0.353397670923988,0.822536703200684,0.483552492263822,,19.6,0.2890625,1,0.623638826127649,10,SNP
6573,0.187904758247205,0.088045629527841,0.718987098509411,0.380054130576291,,9.25,0.79052734375,1,0.507488039992863,16,SNP
6636,-0.208746727766143,-0.243038048686294,0.538822239951567,0.294800897387665,,-6.90476190476191,0.167068481445313,1,0.093838908195662,21,SNP
6696,0.307474933871133,0.301029995663981,0.661147196758652,0.26872317272938,,12.5714285714286,0.125,1,0.15625,7,SNP
6762,-0.241564097989615,-0.088045629527841,0.563633219612863,0.153839762144268,,-15.5,0.453125,1,0.204893893816379,10,SNP
6807,0.908284039505925,0.367976785294594,1.2679370176803,0.420387855780471,,682,0.5,1,0.371093369522698,3,SNP
6883,-0.0416462455361,0,0.24127159022926,0.741801110252839,,-0.333333333333333,1,1,1,3,SNP
6896,0.09729495115377,-0.073064017839119,0.575236484141642,0.462713724074709,,3.5,0.999999999999999,1,0.752713806263053,14,SNP
6927,0.624498634905938,0.196294645143968,1.08033264410506,0.417308081955411,,71,1,1,0.5,3,SNP
6941,0.08609808936998,1.31559994502346,2.44894039655067,0.766085824328552,,-493.333333333333,1,1,1,3,SNP
6990,0.237657627753481,0.117041603016684,0.760788011292808,0.289798519034899,,35.5,0.2265625,1,0.327346738793206,14,SNP
7011,-0.247067679306561,-0.057991946977687,0.619941365423971,0.679693953670069,,-3.05882352941176,0.4239501953125,1,0.396493499928388,17,SNP
7042,-0.103570633045233,0.176091259055681,1.04840744205104,0.845818657538528,,-3.11111111111111,1,1,1,9,SNP
7086,0.578863212536888,0.176091259055681,0.688475801915659,0.260509475474247,,60.2,0.125,1,0.100348246462291,5,SNP
7162,0.15404483067247,0.096910013008056,0.787588237868647,0.445952168926174,,12.4545454545455,0.34375,1,0.306487556615079,11,SNP
7165,0.076390382055713,0,0.803907669702398,0.788630408665248,,-9.3,1,1,0.916282441329102,10,SNP
7267,-0.070905905209914,0,0.936528111906676,0.512042716682351,,-19.125,1,1,1,16,SNP
7279,0.214271036453921,0.154901959985743,0.477245420231402,0.075801529043999,,6.18181818181818,1,1,0.117891637132338,11,SNP
7393,-0.035133660572486,0.150514997831991,0.42422988962221,0.405496113636479,,-1.75,0.7744140625,1,0.843805938205717,12,SNP
7420,0.074058855931583,0.088045629527841,0.689822687342057,0.421913850003768,,4.65,0.814529418945312,1,0.844409823260749,20,SNP
7528,0.21048937495762,0.088045629527841,0.876599870469837,0.322329886626421,,104.571428571429,0.7744140625,1,0.478309473851013,14,SNP
7600,-0.176667048509362,0,1.14179694312029,0.365063743817953,,-132.375,1,1,0.833935414088552,8,SNP
7728,0.056225029038513,0.176091259055681,0.555431189100833,0.934950491165412,,0.285714285714286,0.6875,1,0.752493649033783,7,SNP
7765,-0.178514103376534,-0.287015633863859,0.821989429006206,0.898982226011892,,2.58333333333333,0.3876953125,1,0.157139026663772,12,SNP
7767,-0.056577960371044,0.186558212473503,2.83351128769922,0.450037590551738,,-6360.25,0.625,1,0.875,4,SNP
7798,-0.254339273952841,-0.110924374808178,0.906515591860623,0.281310709453995,,-26.25,1,1,0.351680682798553,8,SNP
7834,-0.439381952528365,-0.360079651702979,0.740894635312694,0.317841417267235,,-536.5,0.14599609375,1,0.04545875234382,16,SNP
7926,-0.276640515445726,-0.150514997831991,0.68823598872555,0.392826207724904,,-10.1666666666667,1,1,0.684469821025155,6,SNP
7945,-0.138251437791928,0.016092341685701,0.557580404903616,0.231231823790569,,-16.1875,1,1,0.668743273075367,16,SNP
8031,-0.200300566597935,0,1.02122811074891,0.362255613522008,,-153.75,1,1,0.833935414088552,8,SNP
8047,-0.300249370353493,0,3.31261736641581,0.483224499265382,,-8483.66666666667,1,1,1,3,SNP
8092,-0.096070226019416,-0.095942763119457,0.677220850442329,0.726786190174063,,-1.83333333333333,0.3017578125,1,0.459667406763642,18,SNP
8139,-0.19230868080048,-0.145017305681259,0.52189879020607,0.948739147357247,,0.583333333333333,0.548828125,1,1,12,SNP
8140,0.006386171419479,-0.088045629527841,0.643350433169909,0.513226395486169,,5.91666666666667,1,1,0.929047797583422,12,SNP
8179,0.00034632998093,-0.088045629527841,0.435091417545608,0.296235722332585,,-9.83333333333333,1,1,0.562931722045853,12,SNP
8318,0.129615239362075,-0.088045629527841,0.9425227684292,0.376100897446512,,94.8333333333333,1,1,1,6,SNP
8371,0.325201706020769,0.283774570099899,1.67504703535629,0.429749044694921,,292.25,0.625,1,0.625,4,SNP
8389,-0.163619291885438,-0.544068044350276,1.14529017125746,0.862314051003215,,-5.55555555555556,0.5078125,1,0.91015625,9,SNP
8653,0.363186853199767,0.829005698328556,1.34105891292458,0.598175629449234,,23.8333333333333,0.6875,1,0.5625,6,SNP
8683,-0.035413659937241,-0.176091259055681,0.976567505301064,0.350902703252173,,237.181818181818,0.0654296875,1,0.128569663566324,11,SNP
8782,0.458217077635886,0.261439372640169,1.00922345115155,0.250966163242264,,187.8125,0.03515625,1,0.049826949600504,16,SNP
8917,0.017225628499936,-0.212984366136141,1.03515825198889,0.668955717370898,,27.25,0.60723876953125,1,1,16,SNP
8950,0.192974742148597,0.012411791862516,0.773936344880013,0.146446272244778,,23.2777777777778,0.4239501953125,1,0.244211593832609,18,SNP
9037,-0.007926121681652,-0.176091259055681,0.671242370547182,0.403367142353362,,54.4,1,1,1,5,SNP
9120,0.262733278109471,0,0.585718163502591,0.37207006404033,,26.8,1,1,0.583882420770365,5,SNP
9130,0.176483389884699,-0.194135761749324,1.05626079365086,0.332534622235039,,39.8888888888889,1,1,0.8203125,9,SNP
9223,-0.388426839182969,-0.62589292461588,0.98672632284843,0.202979002285151,,-104.4,0.75390625,1,0.16015625,10,SNP
9246,0.04619595349633,0,0.766839017129264,0.295456413882243,,14.6363636363636,0.453125,1,0.932405373249338,11,SNP
9286,-0.431154660553805,-0.397940008672038,0.601136621629774,0.1188249388552,,-12.3076923076923,0.109375,1,0.052633212331448,13,SNP
9389,-0.029741061447255,-0.367976785294594,0.611973779714764,0.707881302663911,,2.66666666666667,1,1,1,3,SNP
9409,0.0436259451686,-0.238560627359831,0.711749506711039,0.469544103879575,,18.375,0.7265625,1,0.779170748363141,8,SNP
9430,-0.077397303761912,0,0.796027019146169,0.208118473140271,,-15.7179487179487,0.864166240440682,1,0.625821831992782,39,SNP
9438,-0.278602349619472,-0.176091259055681,0.793087383406191,0.368883483963896,,-13.6842105263158,0.237884521484375,1,0.155724229610819,19,SNP
9479,-0.119953231746617,-0.037316809148452,0.597792139357502,0.464129148199764,,-5.5625,0.79052734375,1,0.450477033594209,16,SNP
9526,0.727389007310294,0.048455006504028,1.3909217676814,0.390832248084091,,811,0.5,1,0.371093369522698,4,SNP
9561,0.00565380938027,0,0.354695774483158,0.311683215043498,,3.85714285714286,1,1,0.789165887374351,14,SNP
9693,-0.069324202988355,0,0.477927433137458,0.354757584807817,,-35.5454545454545,1,1,0.62406453246517,11,SNP
9724,-0.156329716789991,-0.176091259055681,0.691329638494819,0.615210971842598,,-3.4,0.5810546875,1,0.293917170251957,15,SNP
9745,-0.426786353907292,-0.301029995663981,0.331947577757811,0.422565465919174,,-6852.33333333333,0.25,1,0.25,3,SNP
9802,0.464319610759151,0.173393743112328,1.16820992219645,0.363559015024874,,267.333333333333,0.6875,1,0.6875,6,SNP
9803,-0.218020356848393,-0.088045629527841,0.986321127023536,0.287653032630836,,-24.9,1,1,0.722282962716192,10,SNP
9805,0.192555018397815,0,1.19968045923494,0.402287828539845,,96.8,1,1,1,5,SNP
9891,-0.118901870713347,-0.243038048686294,0.64400683737531,0.465555198052106,,19.5555555555556,0.125,1,0.268452421712347,9,SNP
9924,-0.265642961748032,-0.301029995663981,0.634613745656082,0.730782940356669,,-9.66666666666667,0.1796875,1,0.406529266292585,9,SNP
9928,-0.078586229533611,-0.088045629527841,0.596320968409612,0.585492831495458,,-2.33333333333333,1,1,0.787406490666269,6,SNP
9967,-0.040789820926987,-0.088045629527841,0.585614342706038,0.385899032420929,,-33.9285714285714,0.548828125,1,0.789471859215422,14,SNP
10078,0.2976188161551,0,0.902129447065699,0.176541523267464,,87.3076923076923,0.75390625,1,0.574813694313855,13,SNP
10097,0.634363328997315,0,1.25434291282374,0.424269217121977,,118.666666666667,1,1,1,3,SNP
10188,0.551008752674534,0.522878745280338,1.05056516008367,0.346806256426271,,74,0.625,1,0.361310428526179,5,SNP
10279,-0.323393153397892,-0.150514997831991,0.680648776160991,0.038854959533996,signif,-26.1875,0.5810546875,1,0.107435200060981,16,SNP
10319,0.444887532260741,-0.176091259055681,2.0448449856264,0.427613306106121,,1235,1,1,1,3,SNP
10323,-0.122186821848592,-0.079181246047625,0.796556063357535,0.538689017096637,,-7.50980392156863,0.381693397663213,1,0.468318287170221,51,SNP
10369,-0.307842918843653,0,1.20338979647156,0.288253885358554,,-105.166666666667,0.480682373046875,1,0.337664550941329,24,SNP
10376,-0.079070841782928,-0.048455006504028,0.833009464507112,0.343318675980032,,198.5625,1,1,0.711719370531277,16,SNP
10377,0.15952627387815,0,0.538763785450519,0.393768023967107,,99.5,1,1,1,4,SNP
10448,0.092169876155536,-0.043010335288965,0.634262141158731,0.337329016809121,,-7,1,1,0.635289318835207,10,SNP
10507,0.044213696810713,0.04346569378109,0.698128790630568,0.632310271165011,,5,1,1,0.589046957606062,15,SNP
10582,-0.021931558278947,0.176091259055681,0.865689731748392,0.715104483023425,,-6.09090909090909,1,1,0.789370016628547,11,SNP
10626,-0.46299040597635,-0.564271430438563,0.602976298891943,0.085180970338584,,-29.1304347826087,0.115318298339844,1,0.013691959883812,23,SNP
10741,-0.227502026421365,-0.116505569071437,0.718132736387432,0.699190906732312,,7.33333333333333,0.21875,1,0.401678166469773,9,SNP
10747,0.031660714778557,0.176091259055681,0.856429129827212,0.606651082003201,,12.4444444444444,1,1,1,9,SNP
10793,0.589236786342695,0.573064017839119,0.59044720617811,0.172133280770645,,53.1666666666667,0.125,1,0.100348246462291,6,SNP
10833,-0.144153747308232,0,0.60426436852739,0.271809990793106,,-51.2352941176471,0.79052734375,1,0.48921112904166,17,SNP
10851,0.159769713622613,-0.301029995663981,1.65644260246096,0.528154251315506,,54.3333333333333,1,1,1,3,SNP
10868,0.462660906640488,0,1.16312314468601,0.425056997387214,,239.333333333333,1,1,1,3,SNP
10870,0.046459134595062,0,1.13639212136139,0.282091091340534,,138.55,1,1,0.905741516971891,20,SNP
11001,0.449802827208016,0,0.743108464753041,0.19568520464854,,29.2857142857143,0.625,1,0.269294136719737,7,SNP
11074,-0.731928141044607,-0.477121254719662,0.852033997243854,0.003286811491205,signif,-138.712328767123,1.03E-07,8.38E-05,8.18E-09,73,SNP
11083,-0.537091189971915,-0.550907468880581,0.793362611455776,3.85E-19,signif,-123.678436317781,2.98E-43,2.42E-40,6.67E-45,793,SNP
11109,-0.201782054623449,-0.033473394815307,0.95383503415294,0.953658857820058,,2.25,0.79052734375,1,0.41410105670021,16,SNP
11124,0.327028375082311,0.176091259055681,0.678924508809527,0.310666598454004,,26.5714285714286,0.21875,1,0.140016503197169,7,SNP
11152,0.193163389558228,0,0.396024780879313,0.207004775413223,,3.125,0.625,1,0.361310428526179,8,SNP
11195,-0.013765107042093,-0.096910013008056,0.565132804387274,0.720453496917371,,1.54545454545455,0.75390625,1,0.645387747869369,11,SNP
11224,0.109733271421597,0,0.744616241011236,0.309776539795462,,18.4,1,1,0.583882420770365,5,SNP
11230,0.534989951289003,0.477121254719662,1.02890035323156,0.360517196504133,,88.2857142857143,0.453125,1,0.39718047121992,7,SNP
11379,-0.059213409286053,0,0.788108703662249,0.969423439909637,,0.888888888888889,1,1,0.832825421082357,9,SNP
11396,-0.49465485044348,-0.483964551330441,0.199185276807348,0.421203190351941,,-2398.33333333333,0.25,1,0.25,3,SNP
11417,-0.220819433011868,-0.238560627359831,0.785936513815532,0.706529961031163,,9.3,0.052238985896111,1,0.032329670205563,30,SNP
11471,-0.631079240654244,-0.451544993495972,0.760532471384225,0.224324971723202,,-67.1,0.0703125,1,0.020862582332766,10,SNP
11514,-0.066339293433017,0,0.58231301708861,0.468169780904727,,-2.66666666666667,0.548828125,1,0.893694669323233,15,SNP
11557,-0.122050200806983,-0.066946789630613,0.278657234076584,0.422650388406807,,-312.333333333333,1,1,0.58621368107314,3,SNP
11572,-0.266706131960496,-0.345500537332372,0.49470164137722,0.033725380934663,signif,-5.75,0.09228515625,1,0.032939906588821,16,SNP
11575,-0.159106452547476,-0.238560627359831,0.510981947058586,0.557946586704787,,9.91666666666667,0.109375,1,0.1250468801311,12,SNP
11747,-0.136114667721409,0,0.952501524145886,0.378177834249466,,-161.647058823529,0.7744140625,1,0.723263744309588,17,SNP
11758,0.389718422060074,0.176091259055681,0.461821511324284,0.181408998096864,,6.42857142857143,0.21875,1,0.089886522439784,7,SNP
11782,0.060329557767793,0.1249387366083,0.681289180854948,0.77250760783999,,-2.61538461538462,0.7744140625,1,0.783327016911456,13,SNP
11801,0.549404361518297,0.530977422036557,0.692323283647886,0.273495344116107,,48.25,0.625,1,0.25,4,SNP
11812,0.829516905500148,0.544068044350276,1.00317695588659,0.406304273386393,,59.6666666666667,0.5,1,0.371093369522698,3,SNP
11824,-0.347526773101859,0,0.751160457940468,0.318152308630094,,-58.1111111111111,1,1,0.440647897123314,9,SNP
11851,0.103655829662932,-0.1249387366083,0.852417684605642,0.691930147394351,,16,0.6875,1,1,7,SNP
11916,0.003930973400993,-0.110924374808178,0.54318495095489,0.840968643142542,,-1.1,0.7265625,1,0.944182513250483,10,SNP
11956,0.24833212812426,0.176091259055681,0.705665546237423,0.2997842006277,,15.3,0.2890625,1,0.262032798552731,10,SNP
11962,-0.560642181518677,-0.391475066632706,0.569112136709082,0.043787176164276,signif,-15,0.0390625,1,0.02065542534038,10,SNP
12025,-0.18420411585923,-0.039590623023812,0.494211565079192,0.182369139423006,,-10,1,1,0.39718047121992,8,SNP
12053,0.075634978611228,-0.014014361800122,1.06148935824636,0.834912021624703,,6.7,1,1,1,10,SNP
12067,0.545164323456479,0.320489028679166,1.0726419540761,0.283123680223431,,231.75,0.453125,1,0.201642922559149,8,SNP
12119,0.77638117804093,0.301029995663981,1.3292850819775,0.426781832547074,,187.333333333333,1,1,0.75,3,SNP
12191,0.048391169149467,-0.086621708091428,0.558015720707028,0.37963732563322,,-26.25,0.7265625,1,0.833433620222324,8,SNP
12410,0.485151398901776,0.477121254719662,0.913370721902391,0.375772199676576,,35.8571428571429,0.453125,1,0.296875,7,SNP
12439,-0.242287772322978,-0.261439372640169,0.579039801113867,0.089505333230046,,-4.94444444444444,0.3017578125,1,0.099198409922849,18,SNP
12473,-0.31741523315548,-0.113943352306837,0.856521748454176,0.292089166561037,,-70,0.5810546875,1,0.132720530631583,15,SNP
12513,-0.211584942536008,-0.176091259055681,0.641632748612675,0.21163787519233,,-13.15,0.480682373046875,1,0.266087781966148,20,SNP
12525,-0.120033558988663,0,0.897567861957569,0.729367578863337,,4.66666666666667,0.999999999999999,1,0.72644698403686,15,SNP
12534,-0.171766637818613,0,0.350960677691296,0.359293645638123,,-1.55555555555556,0.6875,1,0.293177459564512,9,SNP
12565,-0.242518572979543,-0.243038048686294,1.18880630608904,0.707838473542544,,-47.2,1,1,0.8125,5,SNP
12733,-0.253513676589229,0.055412263771545,0.903613448658754,0.441454472211823,,-32.125,1,1,0.932646638965876,8,SNP
12781,-0.182632118953125,0.1249387366083,1.37661385036577,0.338626484813432,,-799.818181818182,1,1,0.893799349884339,11,SNP
12880,-0.085297023261149,0,0.515631956423822,0.276764747288265,,-11.8333333333333,0.814529418945312,1,0.395359842867767,24,SNP
12988,0.527800348192311,-0.150514997831991,1.64866587539164,0.392947660196873,,707.25,1,1,1,4,SNP
13019,0.042139568503213,0,0.690131888730577,0.544506214000719,,5.76923076923077,0.75390625,1,0.878246175209739,13,SNP
13115,0.067815570058866,0.04357508785945,0.423036271244952,0.366566545179656,,7.75,0.75390625,1,0.357699740504519,12,SNP
13329,0.124067251087071,0,0.623408366599998,0.342216998744416,,9.25,1,1,0.677868444106837,12,SNP
13458,-0.180740337500387,-0.176091259055681,0.815957043244858,0.339710667657844,,-24.4666666666667,0.79052734375,1,0.329221808432924,15,SNP
13459,-0.518948416625039,-0.400968319347239,0.731865979055609,0.159846932034293,,-60.3333333333333,0.375,1,0.105645429201877,6,SNP
13487,-0.362457781633382,-0.397940008672038,0.596943973566056,0.212070633716533,,-16.5,0.34375,1,0.082731022315102,12,SNP
13536,0.350539131823431,0.221848749616356,0.81599843782602,0.326899550756417,,184.857142857143,0.092285156250001,1,0.049599471480918,14,SNP
13665,0.168504076973855,0.088045629527841,0.926771538553962,0.66853774398523,,7.7,0.453125,1,0.446872820710831,10,SNP
13667,0.294253767795043,0.088045629527841,0.977928782197429,0.355446401181065,,121.875,1,1,0.86553432515616,8,SNP
13712,0.064902218302701,-0.079181246047625,0.365240827065941,0.509282550047975,,2.2,1,1,1,5,SNP
13730,0.599123764041482,0.301029995663981,0.743382660067811,0.345655364836125,,212.142857142857,0.031249999999999,1,0.035522336623415,7,SNP
13862,-0.441275647246145,-0.422549020007128,0.59960506103519,0.203263126830628,,-14.8333333333333,0.2265625,1,0.091000923453312,12,SNP
14055,0.026899082351391,0,0.42908123850415,0.842855529336358,,4.57142857142857,1,1,1,7,SNP
14120,-0.423550003416761,-0.176091259055681,0.859394695066457,0.319959991234948,,-86.5384615384615,0.1796875,1,0.123534253752569,13,SNP
14184,-0.180822264392933,0,0.375867976521621,0.482313346506876,,-1.53333333333333,0.34375,1,0.306803495841905,15,SNP
14277,-1.34142890896955,-1.14612803567824,1.05076965639313,0.162804875703106,,-293.285714285714,0.125,1,0.14932461032049,7,SNP
14313,0.018883404866038,0.287015633863859,0.931420838382803,0.50210585467953,,27.1666666666667,0.6875,1,0.84375,6,SNP
14408,-0.228002161493946,-0.16110964736696,0.688379804409705,0.581931965044146,,-3.7,0.2890625,1,0.362726506485098,10,SNP
14599,-0.316293821632994,0,0.803378367285918,0.309970769266483,,-127.421052631579,1,1,0.296994600882113,19,SNP
14625,0.682554731533853,0.301029995663981,1.08662020247912,0.464482448478002,,49.6666666666667,1,1,0.75,3,SNP
14676,-0.212835193982718,-0.248641926204293,0.678769635874662,0.668229683217412,,-3.09090909090909,0.109375,1,0.202034746450396,11,SNP
14708,0.578461231787087,0.326606256887672,1.44617894396854,0.363092421589589,,689.666666666667,0.6875,1,0.5625,6,SNP
14724,-0.126373864079268,0,0.659666626867414,0.310306161407696,,-8.5,1,1,0.568198204632737,22,SNP
14786,0.075534408729876,0.048455006504028,0.572844654779073,0.16770317243239,,21.7857142857143,1,1,0.55237200995724,14,SNP
14805,0.10923585613673,-0.088045629527841,1.11222359104362,0.172187120288382,,165.571428571429,0.7744140625,1,1,14,SNP
14925,-0.08072506758191,-0.088045629527841,0.705622921950468,0.332672274221657,,-8.28571428571429,0.999999999999999,1,0.420869030539625,14,SNP
14937,0.135151308612187,0.176091259055681,0.666433581838675,0.370447364848705,,6.53333333333333,0.581054687500001,1,0.440928415206191,15,SNP
15237,-0.331839733596583,-0.349485002168009,0.578079357168505,0.271177950571581,,-5.25,1,1,0.422678074170635,4,SNP
15240,-0.04763357128593,0,0.562915034622375,0.70837776564817,,2.40909090909091,1,1,0.868241459964967,22,SNP
15324,0.246676673434876,0.176091259055681,1.46062644237962,0.752934373230097,,122.230769230769,0.7744140625,1,0.504246537784881,13,SNP
15352,-0.126820592234312,-0.176091259055681,0.851688044355488,0.826978247500262,,5.38461538461539,0.2265625,1,0.350528908982333,13,SNP
15380,0.324239821217561,0.522878745280338,0.741473795428439,0.158633922023409,,36.8888888888889,0.7265625,1,0.207020997219861,9,SNP
15406,0.398988837107891,0.176091259055681,1.1081092849779,0.351619198745212,,332.375,0.453125,1,0.349076447626292,8,SNP
15438,-0.264223896642782,-0.3551997330584,0.993806588522496,0.433721466861287,,-57.8,0.0703125,1,0.140994081203556,10,SNP
15480,0.255323894288029,0.243038048686294,0.976973496290326,0.375895670732543,,539,1,1,0.587936746173566,5,SNP
15540,-0.188850953662702,-0.301029995663981,0.509197818151085,0.466610866287332,,-2.33333333333333,0.266845703125,1,0.358420879193976,15,SNP
15579,0.041933815337327,0,0.606794048922294,0.393493065301049,,6.5,1,1,0.724333747231756,10,SNP
15594,0.36724014447174,0.088045629527841,0.793994021493954,0.352901088004735,,117.333333333333,0.625,1,0.361310428526179,6,SNP
15652,-0.218735723691162,-0.389075625191822,1.00017486364863,0.479156259349853,,70.5,0.7265625,1,0.400236144359072,8,SNP
15654,-0.236740390403268,-0.176091259055681,0.716649454029953,0.5481461797851,,-20,0.34375,1,0.539763042228676,10,SNP
15656,-0.342784215351719,-0.301029995663981,0.739653369241589,0.611321886318429,,-8.13333333333333,0.266845703125,1,0.093092143993705,15,SNP
15672,-0.09824707348695,0,1.04067452667229,0.931257774319278,,-1.75,1,1,1,8,SNP
15720,-0.139667407644724,-0.176091259055681,0.760896616224683,0.177225812457564,,-11.1739130434783,0.263175964355469,1,0.1667770459596,23,SNP
15738,0.015509156697193,0.150514997831991,0.5977351132986,0.6000713104758,,4.05,0.647605895996094,1,0.839908987229283,20,SNP
15848,0.113658356919198,0,0.74216359536429,0.370426167372964,,28.5714285714286,1,1,0.589638551626567,7,SNP
15906,0.204581947404515,0.150514997831991,0.469476014734561,0.232935542993618,,4.25,0.2265625,1,0.195995118803318,12,SNP
15933,-0.341339978451595,-0.06246936830415,0.670052080254872,0.346771746849667,,-424.166666666667,0.625,1,0.361310428526179,6,SNP
15952,-0.092032633845181,-0.176091259055681,1.27910131865525,0.398947405060162,,-226.272727272727,0.5078125,1,0.677868444106837,11,SNP
15957,-0.080113566546755,-0.477121254719662,0.98678092302065,0.42816021943024,,213,0.625,1,0.853923299287067,4,SNP
15960,-0.065213879454188,-0.176091259055681,0.84236799352874,0.980462743453532,,0.470588235294118,0.60723876953125,1,0.977326358526871,17,SNP
15981,0.632885544075839,0.243038048686294,1.17824612840525,0.416289970693406,,120.666666666667,1,1,0.5,3,SNP
16017,0.035050759489025,-0.176091259055681,1.09301507013478,0.640853810097188,,-31.8,0.625,1,0.583882420770365,5,SNP
16092,-0.098886029520349,-0.1249387366083,0.952096850837852,0.733855307987792,,7.72727272727273,0.75390625,1,0.798603245509391,11,SNP
16111,-0.279924063517527,-0.397940008672038,0.872525757065391,0.932516778751303,,-1.8,0.266845703125,1,0.24871938265933,15,SNP
16260,0.053808301377593,0.176091259055681,1.48662752450907,0.355380341624196,,-4060.81818181818,0.548828125,1,0.44527106666827,11,SNP
16289,-0.134914321866429,0,0.717607439983194,0.194456287086653,,-58.7692307692308,1,1,0.68864605056003,13,SNP
16293,0.128832680545789,0.150514997831991,0.346148570264165,0.289145393705344,,4.5,0.34375,1,0.257505376496482,10,SNP
16308,-0.471531934762134,-0.326606256887672,0.615232135488792,0.229379524998431,,-72,0.0654296875,1,0.036300407028386,12,SNP
16362,-0.347130895052742,-0.477121254719662,0.303765834166792,0.225403330758517,,-4,0.5,1,0.371093369522698,3,SNP
16376,0.029215142885574,0.145635079187412,0.783081901985262,0.537591566969679,,9.375,0.7265625,1,0.724989179296909,8,SNP
16377,-0.12091042260577,-0.176091259055681,0.411378962822721,0.407316403738029,,56.4,0.625,1,0.853923299287067,5,SNP
16394,-0.623795569130467,-0.597389978200891,0.728847707618976,0.171688549661982,,-78.375,0.125,1,0.089814343958295,8,SNP
16456,-0.024132299431529,0.068586596512656,0.875796429971023,0.54352011970095,,18.3333333333333,1,1,1,6,SNP
16616,-0.307565882509464,-0.301029995663981,0.619616615257443,0.186815573164373,,-8.27272727272727,0.2265625,1,0.167535751089522,11,SNP
16647,0.499017945777771,0.301029995663981,1.17219501892853,0.3455343521586,,1072.77777777778,0.453125,1,0.309628902730633,9,SNP
16741,0.071226668547935,0,0.615896500581767,0.318961166928619,,11.1764705882353,1,1,0.820030274951432,17,SNP
16762,0.193082719800786,0.198367653766833,0.618558207052892,0.2366785708641,,4,0.7265625,1,0.182893277579828,9,SNP
16887,-0.492101734855703,-0.248662320403975,0.903603704015532,0.000404841202006,signif,-75.7083333333333,0.001605564929564,1,4.33E-06,96,SNP
16912,0.159402377427,0.146128035678238,0.762740838484177,0.360909577221816,,24.2,0.625,1,0.361310428526179,5,SNP
16915,-0.409137925349176,-0.176091259055681,0.515242033961608,0.339273211712212,,-16,0.125,1,0.09751253817811,5,SNP
17004,-0.15879358935167,0,0.403628824384819,0.457573359849933,,-1.77777777777778,1,1,0.526578371066981,9,SNP
17019,0.116640737037019,0,1.06653414343737,0.394491807254324,,222.846153846154,1,1,0.788549921018553,13,SNP
17104,0.282285748767954,0,0.98718319209825,0.334524353948225,,289.538461538462,1,1,0.783000250933146,13,SNP
17122,-0.205228713091697,-0.088045629527841,0.743167320391074,0.476619112957023,,-6.92857142857143,0.7744140625,1,0.504575180350199,14,SNP
17125,0.120560329488575,0.048455006504028,0.356433376542396,0.221705066495612,,7.41666666666667,0.2890625,1,0.291244106567634,12,SNP
17259,-0.301984802019468,-0.221848749616356,1.14325338321195,0.340557654092274,,-632.727272727273,0.34375,1,0.306803495841905,11,SNP
17278,0.165832412016721,0.181149826201452,0.680421219372927,0.354150128165803,,22,1,1,0.625,4,SNP
17304,-0.348058837008504,-0.077450979992872,0.769445011255915,0.107993554925289,,-21.5,0.548828125,1,0.142170976520736,14,SNP
17334,-0.500948615080929,-0.716003343634799,0.712091793665196,0.055181083636543,,-18.8571428571429,0.375,1,0.105645429201877,7,SNP
17410,-0.56684175026905,-0.176091259055681,1.12468711506818,0.149470322260787,,-533.705882352941,0.210113525390625,1,0.09787705707623,17,SNP
17427,-0.072777340723973,0.176091259055681,0.541088371613829,0.352140019144048,,-12.7777777777778,0.7265625,1,0.943837887238947,9,SNP
17518,-0.889183681868977,-0.338411723285313,0.908392787019146,0.152641472610549,,-457.571428571429,0.03125,1,0.035522336623415,7,SNP
17550,0.143998414398986,0,0.61864371989473,0.550752592985846,,2.53333333333333,0.7744140625,1,0.582629385061564,15,SNP
17572,-0.336777123827243,-0.544068044350276,1.37523275438125,0.518748198891169,,154.333333333333,1,1,1,3,SNP
17639,0.11991208341003,-0.06246936830415,0.829953328837575,0.227391477545074,,33.875,1,1,0.886563844604374,16,SNP
17676,-0.361889569083768,-0.176091259055681,0.643381510538619,0.022000899832927,signif,-12.8181818181818,0.189247131347656,1,0.047017660338332,22,SNP
17678,0.003923354186468,0,0.685466368030172,0.500406855502293,,5.71428571428571,1,1,0.893747048277506,14,SNP
17690,0.01824307287151,-0.176091259055681,0.599379412418675,0.54343796046379,,-9.4,0.625,1,0.580712162189025,5,SNP
17747,0.086895792941399,0,0.462496820474036,0.699307347411021,,0.75,1,1,0.725639961619879,12,SNP
17766,-0.379843334645013,-0.1249387366083,0.703783138920999,0.169147933215099,,-51.0588235294118,0.803619384765625,1,0.195434822851609,17,SNP
17850,-0.196549399821815,-0.150514997831991,1.42135410102271,0.706687220540555,,-67,1,1,1,6,SNP
17977,-0.013317021552289,-0.198970004336019,0.606835266944899,0.382667224810931,,11.1666666666667,0.548828125,1,0.503824196142326,12,SNP
17999,-0.16200486243521,-0.238560627359831,0.651299400425899,0.495900329203518,,-7.25,0.3876953125,1,0.366247150197916,12,SNP
18028,0.45071479007881,0.301029995663981,2.33022620252658,0.474839518721067,,865,1,1,0.75,3,SNP
18029,-0.327798241066485,-0.136500636031869,0.939031681185379,0.335003504665748,,-119.583333333333,0.34375,1,0.282934303751192,12,SNP
18032,0.357130833774995,0.349485002168009,1.28875917201506,0.29542210575185,,57.6666666666667,1,1,0.41849223344682,6,SNP
18060,0.33589379613772,0.221848749616356,0.928743918786991,0.33843012206543,,190.692307692308,0.14599609375,1,0.255157511341341,13,SNP
18086,-0.423405844329614,-0.397940008672038,0.582592219757394,0.093654705469214,,-32.0952380952381,0.001312255859375,1,0.004933689650531,21,SNP
18105,-0.274918985954242,0.176091259055681,1.74260487583332,0.363220287462072,,-1358.71428571429,0.6875,1,1,7,SNP
18115,0.002573942138248,0.162694670761713,0.742667412593041,0.850032008187471,,1.4,0.75390625,1,0.61006655674985,10,SNP
18167,0.434240871508848,0.176091259055681,0.903446871292566,0.319576699196516,,143.875,0.21875,1,0.203374023159807,8,SNP
18348,-0.006837892442189,-0.150514997831991,0.876368956502575,0.564678677828416,,11,0.5078125,1,0.722049142150817,10,SNP
18366,0.288241865052136,-0.201667520279372,1.22500096315903,0.427183180977447,,58.5,0.625,1,0.875,4,SNP
18377,-0.312369386091358,-0.397940008672038,0.80396730755038,0.479018886655438,,-7.61538461538461,0.266845703125,1,0.310749086927236,13,SNP
18395,-0.269107677292151,-0.150514997831991,0.317719000496344,0.061136359842333,,-5.375,0.125,1,0.050242919129378,8,SNP
18486,-0.241951601210256,0.039590623023812,1.13679569976108,0.339300907045756,,-673.916666666667,1,1,0.891976529970956,12,SNP
18508,-0.137459611691519,-0.176091259055681,0.718622851444256,0.557229629465071,,-13.25,0.3876953125,1,0.752669134351768,12,SNP
18555,-0.069785694617682,-0.221848749616356,1.28450571697677,0.362903705357653,,704.230769230769,0.09228515625,1,0.161686216592041,13,SNP
18568,0.156651731626214,0,0.776914462096641,0.201927594875609,,32.8,0.79052734375,1,0.682721310703696,20,SNP
18687,-0.222285489295255,0.008662292036172,0.69268799498345,0.328462591508925,,-7.125,1,1,0.553403856847181,8,SNP
18744,0.216081112215563,0,0.588413119301749,0.123135557208134,,9.27272727272727,1,1,0.412384395142557,11,SNP
18747,0.366568104112004,0.694583042182266,0.860843331904655,0.549915359547011,,11.4,0.2890625,1,0.23395283347059,10,SNP
18788,-0.280136336650201,-0.176091259055681,1.12142502950295,0.324954556310579,,-348.8,0.75390625,1,0.609367771059022,10,SNP
18803,0.0951793099954,0.204119982655925,0.471391506975651,0.339133879337917,,18.5714285714286,0.6875,1,0.401678166469773,7,SNP
18859,0.009370059143022,0.198970004336019,0.657692178164572,0.410505629440095,,61.75,0.7265625,1,0.94411409557764,8,SNP
18877,0.162897636242118,0,1.04692061633594,0.440931381885602,,139.684210526316,0.803619384765625,1,0.35133411119424,19,SNP
19011,0.007270390414188,0.033473394815307,0.511711355944384,0.499247949121669,,-3.375,1,1,0.841320730411232,16,SNP
19017,-0.247730629809834,-0.088045629527841,0.966073588158647,0.346301599782367,,-835.071428571429,0.548828125,1,0.689083746544796,14,SNP
19018,0.445388134037069,0.370181344747122,0.898479518167686,0.319617170421056,,29.1666666666667,1,1,0.343027827311182,6,SNP
19170,-0.644600286912145,-0.477121254719662,0.815716574760945,0.053885090600642,,-43.3076923076923,0.3876953125,1,0.025144761173357,13,SNP
19185,0.250076586154585,0.411954370472159,0.652242878526848,0.243238741244337,,10.75,0.2890625,1,0.26144605232963,8,SNP
19254,0.051327581090495,-0.176091259055681,0.791930908785767,0.418746008643863,,36.4,1,1,1,5,SNP
19269,-0.173917248798989,0,0.556908735435526,0.194284910579181,,-19.4736842105263,0.803619384765625,1,0.311596249857548,19,SNP
19374,-0.621842595910493,-0.627636252551653,0.56247984073799,0.21075569202113,,-92.875,0.125,1,0.034610557515707,8,SNP
19488,0.226874557123911,0.206473888049402,0.855592876775247,0.654415607650505,,22,0.453125,1,0.271041279610343,9,SNP
19524,-0.068498215210825,-0.477121254719662,0.875749791322552,0.330233633363353,,38.7391304347826,0.831811904907226,1,0.569730441584816,23,SNP
19542,0.170765799218923,0,0.990340544055569,0.337408414892898,,240.230769230769,1,1,0.893851574333904,13,SNP
19648,0.016466194095321,-0.059745887139105,0.138286240356271,0.422992881074976,,-13.6666666666667,1,1,0.58621368107314,3,SNP
19677,0.222680838173923,0,0.655359433853646,0.45189512480169,,41.2,1,1,0.789268026134281,5,SNP
19684,-0.127231196793287,-0.176091259055681,0.570296366806739,0.179968919616111,,-15.4545454545455,0.548828125,1,0.397135941412292,11,SNP
19718,0.312609042707934,0.088045629527841,0.707436098646865,0.329128360403786,,60.9,0.453125,1,0.14932461032049,10,SNP
19816,-0.011176425441639,-0.048455006504028,0.573902813554767,0.937220631779337,,0.3125,1,1,0.841862260514936,16,SNP
19839,-0.091363647482249,0.477121254719662,1.42886235820302,0.963339588981314,,25.2857142857143,1,1,1,7,SNP
19862,-0.257910068598594,-0.301029995663981,1.01510231564457,0.862138255636201,,11.1578947368421,0.332305908203125,1,0.135538143707299,19,SNP
19872,-0.22032497994176,-0.088045629527841,0.78140656976332,0.317089826229927,,-108.666666666667,1,1,0.562931722045853,12,SNP
19891,0.053703215788987,0,0.533962180420287,0.73465282987043,,1.83333333333333,1,1,1,6,SNP
19960,0.607733654844776,0.648697855504444,0.340042941550285,0.027986652657762,signif,10.25,0.125,1,0.125,4,SNP
19983,-0.303689651041919,-0.221848749616356,0.76817168214307,0.146176645910563,,-96.8666666666667,0.3876953125,1,0.19536693789565,15,SNP
19999,-0.15379103026457,-0.209564653870988,0.731214721194199,0.607647478958301,,-3.3125,0.3017578125,1,0.292407807126417,16,SNP
20134,-0.15013463525916,-0.516629796003336,0.849527198770473,0.63198647860806,,7.88888888888889,0.7265625,1,0.778906019912665,9,SNP
20178,-0.128481228161838,-0.255272505103306,0.787535559217567,0.402884165293238,,22.3103448275862,0.711071103811264,1,0.340740888689856,29,SNP
20233,-0.006528526194996,0,0.651174174788902,0.915338747778375,,-0.722222222222222,0.79052734375,1,0.529955272542002,18,SNP
20268,0.375266682415597,0.1249387366083,0.89837307637614,0.363149724500776,,1296.66666666667,0.375,1,0.409846729368463,6,SNP
20429,0.148114663986821,0,0.79224389350598,0.540265510724273,,14.8571428571429,1,1,0.916282441329102,7,SNP
20451,-0.188166480472455,-0.176091259055681,0.413937114082799,0.35364365261936,,114.363636363636,0.34375,1,0.29648932137375,11,SNP
20578,-0.095513810356762,0,0.371797146415784,0.346593507087334,,-1.88888888888889,1,1,0.670378740664756,9,SNP
20580,-0.031150476090741,-0.176091259055681,0.445525374935118,0.553481177641549,,6.44444444444444,0.7265625,1,0.944045425700092,9,SNP
20703,-0.176866999059868,-0.1249387366083,0.56877387173371,0.387442781862849,,-6.30769230769231,0.548828125,1,0.449579740351411,13,SNP
20755,-0.014601867321051,0.001951888597522,0.67624323338408,1,,0,1,1,1,3,SNP
20759,0.017911846821994,0.096910013008056,0.579215557481811,0.363538129758059,,11.6111111111111,0.629058837890625,1,0.867965629337708,18,SNP
20762,-0.11018115378142,0.08577181565248,0.757983914127979,0.932634368965637,,-2,0.548828125,1,0.789573554251973,12,SNP
20799,0.262865773229506,0,0.455296874804383,0.422649730810374,,152.666666666667,1,1,1,3,SNP
20931,-0.053578689538301,-0.176091259055681,0.885425877668947,0.943371600698661,,2.4,0.375,1,0.587936746173566,5,SNP
20946,0.005398653398708,-0.588045629527841,1.30256715511505,0.451304886308973,,59.25,0.625,1,0.875,4,SNP
21058,0.225640497710078,0.127636252551653,0.784242038430015,0.544422621039005,,5.08333333333333,0.5078125,1,0.406941216918031,12,SNP
21123,-0.068315380964189,-0.176091259055681,0.449303747239867,0.911042445957163,,-0.238095238095238,0.09625244140625,1,0.471557233072328,21,SNP
21137,-0.21402019772719,-0.176091259055681,0.650583684138758,0.047886775345012,signif,-15.3414634146341,0.020073851919733,1,0.015337235935802,41,SNP
21204,-0.260888576806216,-0.16435071113092,0.719276272563302,0.345864774991945,,-10.875,0.125,1,0.204084177765573,8,SNP
21255,0.245607202805278,0,0.778787822536047,0.342235731207654,,1186.5,1,1,0.717561524593991,10,SNP
21302,0.444920737067371,0.301029995663981,0.548490454643169,0.347038380355619,,40.8,0.375,1,0.136216869844568,5,SNP
21304,0.057234765633976,-0.028995973488843,0.338082392206611,0.441438419584794,,1.66666666666667,1,1,0.786457035137376,6,SNP
21305,-0.127494669093146,0,0.956316724863438,0.417381812353072,,-29.8666666666667,1,1,0.700267717948933,15,SNP
21365,-0.219492423167696,0,0.629408705684385,0.271405783392749,,-6.22222222222222,1,1,0.529368106184798,9,SNP
21468,-0.02177533440827,0,0.598240721899645,0.742760263942716,,-1.57142857142857,1,1,1,7,SNP
21575,-0.641954105349361,-0.595220566797657,0.77860902335244,1.03E-13,signif,-116.117117117117,5.47E-32,4.45E-29,1.46E-33,333,SNP
21597,-0.413495624514229,-0.397940008672038,0.954683180334037,0.225371016709604,,-54.2222222222222,0.2890625,1,0.183430618982178,9,SNP
21614,0.019302631411789,0.027727529472077,0.615608445272857,0.328664048925398,,794.846153846154,0.523467063903809,1,0.416259606793067,26,SNP
21624,0.111346424698386,0,1.19584360880212,0.377847073073177,,135.875,1,1,1,8,SNP
21635,0.371466499286254,0,1.01504029084377,0.377679965570055,,56.8,1,1,1,5,SNP
21638,0.063017975486493,0.1249387366083,0.462431756415557,0.348827282469507,,11.1818181818182,0.5078125,1,0.513930415130752,11,SNP
21639,-0.062429515259069,0,0.617444415998872,0.375271148548172,,-469.4,1,1,1,5,SNP
21641,-0.632047510330669,-0.039590623023812,1.39118201876968,0.314943022663788,,-2375.2,0.7265625,1,0.207020997219861,10,SNP
21646,-0.142315108095591,-0.221848749616356,0.786476486132176,0.68126408302124,,8.27272727272727,0.5078125,1,0.342828839723404,11,SNP
21648,0.371336409787497,0.477121254719662,0.704854428523679,0.212988842912255,,22.3333333333333,0.2890625,1,0.1405055412848,9,SNP
21707,0.086267866583428,0.033473394815307,0.658945964866708,0.506079875437456,,7,0.629058837890625,1,0.477227532159164,20,SNP
21724,-0.001498161168872,0,0.594714151843443,0.875572743668761,,-0.45,0.803619384765625,1,1,20,SNP
21765,0.377273289385507,0.243038048686294,0.739475103966529,0.164635339281965,,26.4615384615385,0.266845703125001,1,0.099901962172159,13,deletion
21766,0.492429603854563,0.243038048686294,0.833932275502207,0.107664682527804,,31.0769230769231,0.266845703125001,1,0.068873341360574,13,deletion
21767,0.488909796888357,0.367976785294594,0.82736632888202,0.115948089838932,,30.3846153846154,0.266845703125001,1,0.074292080083783,13,deletion
21768,0.479299124841565,0.243038048686294,0.829610746277024,0.116958439625167,,30.3076923076923,0.266845703125001,1,0.074292080083783,13,deletion
21769,0.483925476235044,0.448125281230819,0.773404223478075,0.101625080229002,,29.2142857142857,0.1795654296875,1,0.041076902906488,14,deletion
21770,0.313350914466387,0.176091259055681,0.777593282550909,0.239884477945602,,26.0909090909091,0.548828125,1,0.229101884065059,11,deletion
21800,0.075225634628834,0.06374296281109,0.534098627970013,0.824983070549201,,1.75,0.79052734375,1,0.46935112333826,16,SNP
21846,-0.341684227793583,-0.301029995663981,0.634082684448617,0.051548998272133,,-10.9259259259259,0.1077521443367,1,0.042039546912457,27,SNP
21855,-0.009759318017484,0,0.997436418188905,0.378378792191335,,105.1875,0.999999999999999,1,0.72644698403686,16,SNP
21952,0.059766890342075,0.014981611688722,0.682241786262919,0.33611597751447,,8.8125,1,1,1,16,SNP
21989,0.279330773239554,0.336193260804978,0.558640000612322,0.375483634971533,,61,1,1,0.422678074170635,4,SNP
21991,-0.272004975455163,-0.176091259055681,0.830240979613341,0.318634433774354,,-105.210526315789,0.454498291015625,1,0.213604355950622,19,deletion
21992,-0.272004975455163,-0.176091259055681,0.830240979613341,0.318634433774354,,-105.210526315789,0.454498291015625,1,0.213604355950622,19,deletion
21993,-0.272004975455163,-0.176091259055681,0.830240979613341,0.318634433774354,,-105.210526315789,0.454498291015625,1,0.213604355950622,19,deletion
21998,0.138805505858986,0.301029995663981,0.762238407854304,0.377060877604224,,23.8,1,1,0.625,5,SNP
22020,0.624904516520291,0.238560627359831,1.09420811213249,0.360965370951057,,234.666666666667,0.0625,1,0.056759446386014,6,SNP
22021,-0.105824365338532,0,0.60064828900062,0.653611233209547,,-1.94444444444444,0.79052734375,1,0.432058381141893,18,SNP
22088,0.060020841714979,0,1.05599839996972,0.783915570835834,,21.6,0.6875,1,0.674986713970489,10,SNP
22162,-0.2790909008341,-0.176091259055681,0.419368287100641,0.422847622939303,,-18,1,1,0.58621368107314,3,SNP
22189,0.14076920978053,0.653212513775344,0.812635839250357,0.457159907943148,,-15.4285714285714,1,1,1,7,deletion
22190,0.14076920978053,0.653212513775344,0.812635839250357,0.457159907943148,,-15.4285714285714,1,1,1,7,deletion
22191,-0.006862755289034,-0.176091259055681,0.797759169451169,0.371178807325101,,-18.4285714285714,1,1,0.46875,7,deletion
22205,0.121491004642934,0.176091259055681,0.257428388779039,0.384798023410198,,2.4,0.625,1,0.580712162189025,5,SNP
22225,0.030351604612197,0,0.474300241468116,0.344471648604817,,3.05263157894737,0.5810546875,1,0.725882817417977,19,SNP
22227,-0.059882204516513,-0.096910013008056,1.04003213080492,0.343183332046527,,2351.47368421053,0.814529418945312,1,0.727382474815929,19,SNP
22264,0.040216597023072,-0.16110964736696,0.630091180588051,0.29262408823351,,7.85714285714286,0.79052734375,1,0.729184950584802,14,SNP
22320,0.310271924701912,0,0.838172190948154,0.267015869894645,,15.8,1,1,0.583882420770365,5,SNP
22323,-0.595105917108034,-0.59864027906281,0.725746016573472,0.060696611149798,,-27.6428571428571,0.0224609375,1,0.030074680666103,14,SNP
22326,-0.064425236623771,-0.150514997831991,0.91766270694837,0.646984012997233,,-4.5,1,1,1,6,SNP
22329,0.351847518218226,0.451544993495972,0.219717099767898,0.060142800992238,,6.375,0.015625,1,0.022014934443673,8,SNP
22344,0.469993036490375,0,1.00840236778785,0.370474487749624,,61.4,1,1,0.583882420770365,5,SNP
22346,0.131152252833773,0,0.545799420560582,0.364416951112741,,19.375,1,1,0.787406490666269,8,SNP
22388,-0.142862757585593,-0.301029995663981,1.33441585346868,0.363872615695397,,333.111111111111,0.0703125,1,0.183430618982178,9,SNP
22444,0.574121784069814,0.367976785294594,0.810740330244013,0.150075873719136,,47.8571428571429,0.375,1,0.177529852412153,7,SNP
22450,-0.101918331637234,-0.110924374808178,0.843910477150887,0.889888761215933,,-1.9,1,1,0.76689821778087,10,SNP
22468,-0.126882014655937,-0.176091259055681,0.993261925473184,0.561525905024515,,-14.3529411764706,0.454498291015625,1,0.551677720954187,17,SNP
22480,0.02122201328351,0.088045629527841,0.949591604232505,0.627823192169853,,75.25,1,1,1,12,SNP
22675,0.232098215047989,-0.06246936830415,1.29007066091054,0.468626910234909,,29.5,1,1,0.786457035137376,6,SNP
22858,-0.259718321659325,-0.150514997831991,0.627534212119154,0.178811879649637,,-30.8571428571429,0.3876953125,1,0.181327789721695,14,SNP
22987,-0.340391096473669,-0.334503390479288,0.966525142436586,0.314983167345613,,-192.944444444444,0.480682373046875,1,0.176277088627277,18,SNP
22992,0.379664206994203,0.263241434774581,1.23503007720507,0.283953288937581,,330.636363636364,0.548828125,1,0.247512481354322,11,SNP
23120,-0.308453287466892,0,1.03720621973367,0.341077570108281,,-93.3636363636364,0.7265625,1,0.400236144359072,11,SNP
23185,0.278951168367994,0.301029995663981,0.916180865826101,0.937718185456746,,-3.63636363636364,0.34375,1,0.183714065773261,11,SNP
23191,0.00584526799715,0,0.760582602717637,0.596275777753187,,5.85,1,1,0.849691748460922,20,SNP
23248,0.152844432232546,0.048455006504028,0.604181522899402,0.150091273638996,,36.125,0.79052734375,1,0.361975536351074,16,SNP
23277,0.180825660436039,0.176091259055681,0.506985653113645,0.409528909674371,,2.46666666666667,0.4239501953125,1,0.218042649816844,15,SNP
23282,-0.29281517161237,-0.088045629527841,0.610071515333545,0.284664658667121,,-22.625,0.6875,1,0.29450739368011,8,SNP
23311,0.61059956693441,0,1.65581880520069,0.425977315557742,,403.666666666667,1,1,1,3,SNP
23403,-0.298613406274171,0,1.07554106402361,0.1851708912829,,-200.055555555556,1,1,0.517696430532947,18,SNP
23426,-0.033577208984212,0,0.648022728747249,0.384465525823019,,20.2666666666667,0.548828125,1,0.210725703153397,15,SNP
23525,-0.284446797792273,-0.176091259055681,0.43654557850857,0.158746409108072,,-6.6,0.03857421875,1,0.033345533423937,15,SNP
23557,-0.294819723653511,-0.039590623023812,0.890484225817238,0.354405096378633,,-34.125,1,1,0.724989179296909,8,SNP
23586,1.0341801417891,1.03959062302381,0.668237645732192,0.239187797356409,,44.75,0.125,1,0.125,4,SNP
23593,-0.228622118012398,-0.176091259055681,0.460361052281025,0.888418890258495,,0.608695652173913,0.063568115234375,1,0.09847903453625,23,SNP
23604,0.342417927932806,0,0.791880281082751,0.462742680363397,,6.63636363636364,0.7265625,1,0.528612125255688,11,SNP
23625,0.18633333293451,0,0.73734664052804,0.143700287573981,,28.4210526315789,1,1,0.550727339558484,19,SNP
23635,-0.184385990422115,-0.150514997831991,0.690198735506995,0.307551916857686,,-39.5,1,1,0.721344123591737,10,SNP
23664,-0.036602410002027,-0.146128035678238,0.427090217990644,0.635490204355153,,-1.77777777777778,0.5078125,1,0.635289318835207,9,SNP
23707,0.272277522273437,0.16110964736696,0.474880068617199,0.17247638960149,,25.75,0.0703125,1,0.058397906749301,8,SNP
23868,0.055561568868229,0,0.620513087912488,0.320601119426372,,12.8571428571429,0.814529418945312,1,0.878464163188754,21,SNP
23900,0.195421908048243,-0.176091259055681,1.26778178602908,0.455021708930336,,74.6666666666667,1,1,1,3,SNP
23929,-0.31165472757997,-0.301029995663981,0.600996145270653,0.092199875955666,,-6.88235294117647,0.11846923828125,1,0.043517580525598,17,SNP
24034,0.377189874873781,0.447158031342219,0.994846648764993,0.752476729239759,,-26.2727272727273,0.2265625,1,0.1015625,11,SNP
24095,-0.21726374601687,-0.176091259055681,0.830764890840659,0.223310398856233,,-44.0909090909091,0.34375,1,0.332565614967438,11,SNP
24106,0.1819165899654,-0.333392660482309,1.42244693261263,0.41624405502625,,132.5,0.625,1,0.875,4,SNP
24130,-0.191199716226533,-0.176091259055681,0.658526534824978,0.348748799200122,,-38.9473684210526,0.3017578125,1,0.377421459898144,19,SNP
24138,-0.313871308544953,0,0.716726823172579,0.106862962333487,,-25.6666666666667,0.548828125,1,0.153839231447098,15,SNP
24197,0.1156932406583,0.014014361800122,0.74647048157973,0.362382072834307,,16.1,1,1,0.720405432108301,10,SNP
24334,0.045448756300613,0,0.973990395731472,0.48242461826255,,25.4,1,1,1,5,SNP
24368,-0.202438849259038,0,0.543699854922995,0.152624382759399,,-6.91304347826087,0.332305908203125,1,0.134769514893554,23,SNP
24378,-0.324904469695639,-0.301029995663981,0.708620069451703,0.199908134178037,,-18.3636363636364,0.063568115234375,1,0.052899118447077,22,SNP
24382,0.145978986481035,0.144397769623485,0.76195041127092,0.561652356375231,,5.66666666666667,0.548828125,1,0.624492301834947,12,SNP
24620,-0.099990757903313,-0.221848749616356,0.667617958633055,0.566981687062099,,3.8,0.60723876953125,1,0.64916671668816,15,SNP
24764,0.394126471713894,0.238560627359831,0.931530769864929,0.393812122768732,,53.5,1,1,0.789268026134281,4,SNP
24781,0.012065862458303,0,0.98624735989168,0.55916825622954,,24.1428571428571,1,1,1,7,SNP
24794,-0.33405614736594,-0.391206626013069,0.584500840880989,0.059198894859866,,-13.4210526315789,0.049041748046875,1,0.020223753215202,19,SNP
24812,0.390040983823191,0.301029995663981,0.552628960427173,0.32427479563143,,33.8571428571429,0.0625,1,0.059058229090537,7,SNP
24904,-0.065121383385337,-0.033473394815307,0.900712969693527,0.40460472024091,,-65.5,0.7265625,1,0.779170748363141,10,SNP
24910,0.005909588986811,-0.176091259055681,0.62234995354219,1,,0,1,1,1,3,SNP
24926,0.179662757484876,0.428666248215634,0.775799093817999,0.721849755828108,,10.8333333333333,0.375,1,0.41849223344682,6,SNP
25000,-0.286523590891534,-0.212984366136141,0.797129004797083,0.441375987845568,,-25.25,0.2265625,1,0.305598497006344,12,SNP
25006,-0.356267878417438,-0.088045629527841,1.0855184096961,0.366010914003412,,-189,1,1,0.684469821025155,6,SNP
25049,-0.056799513895225,-0.150514997831991,0.512096020045902,0.517037606649614,,-9.125,0.453125,1,0.309628902730633,8,SNP
25088,-0.346453286579523,-0.110924374808178,0.817742961418347,0.174611297577917,,-104.333333333333,0.75390625,1,0.240815679026192,12,SNP
25096,-0.448385669267283,-0.544068044350276,0.917259505641085,0.436431170309044,,-24.2727272727273,0.01171875,1,0.045020881002539,11,SNP
25207,-0.076522033686743,-0.06246936830415,0.737557888543056,0.771317613923007,,-5.7,0.21875,1,0.29450739368011,10,SNP
25217,0.455464358874076,0.176091259055681,0.684981179338867,0.154389340187862,,19.8,0.2890625,1,0.076360863740652,10,SNP
25244,0.043521228821671,0,0.544943464403167,0.774533335030386,,1,1,1,0.778906019912665,9,SNP
25350,-0.469312186270703,-0.66207689725556,0.629560383090986,0.347131410674347,,-1595,0.7265625,1,0.109375,8,SNP
25413,0.123347647824003,0.301029995663981,0.482810349267031,0.323842599079443,,1.58823529411765,0.803619384765625,1,0.336899027553861,17,SNP
25429,-0.376956111553377,-0.212984366136141,0.537836284737484,0.166768348856348,,-23.2,0.125,1,0.075926962982558,10,SNP
25433,0.486910279510498,0.1249387366083,0.900323346289237,0.413854526857634,,21.3333333333333,1,1,0.5,3,SNP
25440,-0.075904580967276,0,0.668581703092259,0.275920132404934,,-14.1428571428571,1,1,0.401678166469773,7,SNP
25460,-0.132646669557346,-0.238560627359831,0.354697872980398,0.32805790183851,,-1.5,0.6875,1,0.396438915257121,6,SNP
25471,-0.07582634704746,-0.1249387366083,0.726019741905551,0.692870557135598,,3.8125,0.4239501953125,1,0.529243617907023,16,SNP
25494,-0.008522607125671,0.150514997831991,0.642122579005833,0.49973813849439,,19,0.3017578125,1,0.377518122700384,16,SNP
25513,-0.08527346002263,-0.176091259055681,0.485262501124856,0.632257606796202,,2.66666666666667,0.2265625,1,0.284810363698919,15,SNP
25521,-0.048913074107126,-0.096910013008056,0.547850990390711,0.83212295236987,,0.761904761904762,0.480682373046875,1,0.570097686106975,21,SNP
25528,0.477789915618862,0.301029995663981,1.08220112796646,0.447927074024992,,67.6666666666667,1,1,0.75,3,SNP
25546,-0.569818195376768,-0.467019561675519,0.565381868370477,0.318541841301973,,-42.25,0.25,1,0.18144920772142,4,SNP
25549,0.145483845636074,0,0.535446693147071,0.435418594236011,,3.86666666666667,0.548828125,1,0.397370201289167,15,SNP
25552,0.031522964741016,0.123384908539678,0.732138610712086,0.607907745622591,,8.11764705882353,0.803619384765625,1,0.534172682064527,17,SNP
25563,0.341478991705128,0.052367675260007,0.891974479160887,0.263401665613335,,208.111111111111,0.60723876953125,1,0.190639714440053,18,SNP
25572,-0.153610184695864,0,0.512413422446866,0.661640968828225,,4.2,1,1,1,5,SNP
25606,-0.621810724545007,-0.209564653870988,1.63142064371726,0.344440838264392,,-2793.9,1,1,0.556640625,10,SNP
25614,-0.221478340600678,-0.204119982655925,0.842481319406834,0.398878091080593,,127.529411764706,0.11846923828125,1,0.064586006851676,17,SNP
25617,-0.335605670205552,-0.238560627359831,0.418675127126786,0.292648637300728,,-5.75,0.5,1,0.371093369522698,4,SNP
25621,0.108432088570004,0,0.504188627255947,0.369711431061916,,7.8,1,1,1,10,SNP
25624,-0.172367836976033,0,0.741885895637366,0.232099000370208,,-22.4210526315789,1,1,0.218078516046469,19,SNP
25626,0.008537649101957,0,0.613239719551735,0.2947495871332,,24.6111111111111,1,1,0.954606880556952,18,SNP
25647,-0.448832908052828,-0.451544993495972,0.629382380893964,0.32551905359976,,-211.25,0.2265625,1,0.035930535799035,12,SNP
25658,-0.194477105954988,-0.176091259055681,0.606879222676863,0.45551633637773,,-3.84210526315789,0.057373046875,1,0.095787270210119,19,SNP
25665,0.058416228293365,0.088045629527841,0.65564252174494,0.613268802001217,,-9.1,0.453125,1,0.799846105662473,10,SNP
25688,-0.026685369366764,-0.301029995663981,0.537661606375124,0.400107211296688,,67.8,1,1,0.8125,5,SNP
25690,-0.293251258917544,-0.088045629527841,0.563550227227087,0.130301854544524,,-18.85,0.332305908203125,1,0.054872537478467,20,SNP
25703,-0.049357676093842,0,0.668945664166119,0.413421693232789,,21.1111111111111,1,1,1,9,SNP
25710,0.156042240443799,0.1249387366083,1.08891843366585,0.357483796924628,,239.153846153846,0.2265625,1,0.562544624182854,13,SNP
25714,-0.315108471006095,-0.150514997831991,0.728138648970616,0.318445647993731,,-427.1,1,1,0.342828839723404,10,SNP
25720,-0.136906692318717,-0.028028723600244,0.622497737169763,0.233122004135644,,-7.05882352941176,0.60723876953125,1,0.306038307117121,17,SNP
25728,-0.332369246353105,-0.397940008672038,0.543329407674122,0.214622293625502,,-19.8181818181818,0.0654296875,1,0.045020881002539,11,SNP
25731,0.50683470961298,0.253139741730438,0.786588669714406,0.145866789875224,,39.25,0.7265625,1,0.106896854804493,8,SNP
25757,0.84140293173658,0.477121254719662,0.899993161106825,0.338790546384575,,163.2,0.0625,1,0.0625,5,SNP
25770,0.57959351949479,0,1.00388542350264,0.422649730810374,,89.6666666666667,1,1,1,3,SNP
25785,0.07287389193122,-0.048455006504028,0.606435063895761,0.860262452750953,,0.909090909090909,1,1,0.72728674493351,22,SNP
25844,-0.119366596624864,-0.088045629527841,0.693673054127491,0.462147415123942,,-4.8125,0.79052734375,1,0.509588863923904,16,SNP
25855,0.095457092117978,0.166331421766525,0.577427219794336,0.630859489837382,,1.84210526315789,0.3017578125,1,0.292700724471203,19,SNP
25889,-0.344693918852207,-0.349485002168009,0.784039580792712,0.701267836574654,,-11.4,0.34375,1,0.284189774867678,10,SNP
25904,-0.06226116031607,0,0.681177171059433,0.948430636870127,,-0.391304347826087,0.823802947998047,1,0.48872063421841,23,SNP
25907,0.274733879172365,0.389075625191822,0.337250334685697,0.127203467008572,,3.875,0.453125,1,0.089814343958295,8,SNP
25910,0.973881043519327,0.855317205195943,1.03825273670446,0.338604184967306,,89.3333333333333,0.5,1,0.371093369522698,3,SNP
25913,0.382527045271268,0.406456678321428,0.688324405284429,0.372961220650779,,53,0.625,1,0.375,4,SNP
25916,0.015896139929023,-0.136500636031869,0.625223985047244,0.831072091105213,,-0.555555555555556,0.629058837890625,1,0.924487609442507,18,SNP
25919,0.022954955753753,0.113943352306837,0.57970016376327,0.376510457606429,,25.1111111111111,1,1,0.812380364087885,9,SNP
25936,-0.065065604985858,0.176091259055681,0.808476585500475,0.929580038073314,,1.5,0.453125,1,0.672051768659189,8,SNP
25947,-0.137499798006456,0,0.733598390114194,0.297098649769385,,-422.090909090909,1,1,0.645387747869369,11,SNP
25979,0.579600707599128,0.1249387366083,1.40720944477889,0.424966607272649,,332,1,1,0.75,3,SNP
25996,-0.053320054441083,-0.425968732272281,1.23545079661573,0.380483759613439,,191.444444444444,0.1796875,1,0.2127200712832,9,SNP
26013,-0.358097664011179,-0.301029995663981,0.494738145274575,0.94148927375059,,-0.777777777777778,0.0703125,1,0.183430618982178,9,SNP
26022,-0.017824477319153,-0.06246936830415,0.625996371017635,0.385989738253348,,36.8,1,1,1,10,SNP
26028,0.247018037969793,0.176091259055681,0.688113223147944,0.221461052536316,,7.53333333333333,0.266845703125001,1,0.183698986057793,15,SNP
26060,-0.076033944968165,0,0.75786567540141,0.921303040256545,,-0.55,0.79052734375,1,0.637600945128121,20,SNP
26062,0.014812317464302,0,0.80701231244625,0.50738470882537,,-12.6842105263158,1,1,0.844245222762663,19,SNP
26078,0.013491268602168,0,0.797939041677884,0.685415728022541,,-5.15384615384615,1,1,0.721103096761767,13,SNP
26144,-1.21533608647053,-0.301029995663981,2.17239299592013,0.390987767462636,,-47688,1,1,0.422678074170635,4,SNP
26151,-0.54078401200725,-0.544068044350276,0.787858472392932,0.109075519070554,,-60.5555555555556,0.453125,1,0.108319380730004,9,SNP
26162,0.556335593652859,0.602059991327962,0.170168058606527,0.035098718645985,signif,6,0.25,1,0.25,3,SNP
26233,0.217737504591781,0,0.870162045016775,0.579915974791597,,7,1,1,1,3,SNP
26256,-0.086841049653046,-0.088045629527841,0.363693381319639,0.410145754743738,,7.91666666666667,0.5078125,1,0.634094829050078,12,SNP
26313,0.130625843244612,0,0.787028265149637,0.34440255582183,,49.4545454545455,1,1,0.634991790744654,11,SNP
26447,0.004581054157964,-0.1249387366083,0.518042396725258,0.632665825522287,,1.6,0.3876953125,1,0.906293509044724,15,SNP
26455,0.749324422120602,0.301029995663981,1.04803289281536,0.416089573700359,,59,0.5,1,0.371093369522698,3,SNP
26456,-0.077141110451005,-0.176091259055681,0.621386503108357,0.91843098354485,,-0.4,1,1,1,5,SNP
26461,-0.382327012134401,-0.221848749616356,0.711718048664516,0.11478823026277,,-29.1739130434783,0.263175964355469,1,0.043638515452223,23,SNP
26464,-0.220563286907667,-0.088045629527841,0.824298135773671,0.368137290497237,,-110.75,1,1,0.611452986953504,8,SNP
26526,-0.304041091132713,-0.360079651702979,0.973870683646388,0.428388541870494,,-87.8,0.5078125,1,0.402783694246476,10,SNP
26527,-0.16430634240199,-0.1249387366083,0.816392655157699,0.591481941558943,,6.36363636363636,0.548828125,1,0.964523864037557,11,SNP
26530,0.241052398572807,0.176091259055681,0.459963591718839,0.204092335094426,,3.71428571428571,0.6875,1,0.293177459564512,7,SNP
26625,-0.366361981998587,-0.102059991327962,0.690709084552349,0.348179326446664,,-16,0.6875,1,0.529368106184798,8,SNP
26645,-0.249699055548857,0,0.889479628679417,0.378084656359548,,-103.666666666667,0.999999999999999,1,0.505443280215199,18,SNP
26681,-0.198347152188572,-0.176091259055681,0.782032094495992,0.510233087511784,,-7.65,0.108129021406057,1,0.12091812072746,40,SNP
26690,-0.232077046195897,-0.204119982655925,0.681360278314013,0.279268072268722,,-51.7272727272727,0.109375,1,0.15304188415882,11,SNP
26730,0.0416462455361,-0.176091259055681,0.489336384127186,0.72949910959977,,1,1,1,1,3,SNP
26735,0.167297279242475,0.261439372640169,0.77246081085232,0.368503487631215,,149.9,0.167068481445312,1,0.276656474757638,20,SNP
26779,-0.16856648946021,-0.088045629527841,0.704826714525446,0.392881023670836,,-586.5,1,1,0.789268026134281,4,SNP
26801,-0.46257223556535,-0.039590623023812,1.50783017612276,0.277134662649193,,-470.875,1,1,0.446872820710831,8,SNP
26885,0.068762185430771,0,0.507498888859415,0.572896605829103,,5.33333333333333,1,1,0.94411409557764,9,SNP
26894,-0.088281659422978,0.069151349083141,0.644763598115167,0.421527351351655,,-7.42857142857143,0.3876953125,1,0.937400799009365,14,SNP
26895,-0.186937175090277,-0.1249387366083,0.60467193899796,0.705913396615114,,5.375,0.09228515625,1,0.26144605232963,16,SNP
26918,-0.234459125470649,-0.261439372640169,0.507764211579279,0.163687737049538,,-12.8333333333333,0.3876953125,1,0.222944501528549,12,SNP
26936,0.041191578532311,0,0.352428721861743,0.279812606459945,,12.0909090909091,1,1,0.440085615625455,11,SNP
26951,-0.232731730420727,-0.151267675330649,0.667174406784341,0.214111133475169,,-7.05882352941176,0.60723876953125,1,0.280239813756345,17,SNP
26972,0.150174495408622,-0.176091259055681,0.882634822962532,0.429004636878599,,873,1,1,1,3,SNP
27002,0.284411462845397,0.088045629527841,0.655214095928946,0.276079735851351,,59,0.6875,1,0.401678166469773,8,SNP
27005,0.170120528277875,0.123384908539678,0.519828248836155,0.14246312992805,,5.33333333333333,0.5078125,1,0.282058875761559,9,SNP
27046,-0.039366437359332,-0.176091259055681,0.758454933763535,0.766117861518126,,-2.66666666666667,1,1,0.75,3,SNP
27059,-0.112767406179868,-0.176091259055681,1.05434036271442,0.926608717657735,,6.09090909090909,0.1796875,1,0.285897559959957,11,SNP
27131,-0.035035073700714,-0.048455006504028,0.523805793286444,0.945575769501774,,-0.333333333333333,1,1,1,6,SNP
27147,-0.201210967794256,-0.425968732272281,0.830128632881093,0.451175393510196,,21.4444444444444,0.2890625,1,0.623638826127649,9,SNP
27213,-0.179433532394808,0,0.604555179964992,0.307898779416815,,-64.72,1,1,0.35413300869841,25,SNP
27281,0.083553416908293,0,0.605584819512061,0.489089874633526,,9.75,1,1,0.787406490666269,8,SNP
27297,-0.009746114141532,-0.096910013008056,0.387106723369849,0.836212725839757,,-0.538461538461538,0.548828125,1,0.85851674361173,13,SNP
27382,0.316776613561116,0.150514997831991,0.901717943008351,0.384567957600804,,26.1666666666667,1,1,0.787406490666269,6,SNP
27383,0.317213970865474,0.150514997831991,0.902649162073869,0.384426273614556,,26.3333333333333,1,1,0.787406490666269,6,SNP
27384,-0.055689350945418,-0.073064017839119,0.600645429713304,0.525986314000281,,-8.13157894736842,0.281041515059769,1,0.220157635538628,38,SNP
27434,-0.058747685494544,-0.198970004336019,1.01456829047903,0.862865715041131,,5.5,0.803619384765625,1,0.678811452674516,16,SNP
27513,0.145047377294678,0.176091259055681,0.70502856785833,0.336402980519152,,14.4,0.143463134765626,1,0.161982744241,20,SNP
27561,0.296785878619204,0.583165710883263,1.06294683054455,0.982958589282902,,-0.75,0.2890625,1,0.262032798552731,8,SNP
27600,-0.045706146079069,0,0.568775136758972,0.50181446899495,,6.9,1,1,0.932526329615048,10,SNP
27703,-0.438329413120405,-0.511138197355576,0.425173542509614,0.044198433944656,signif,-18.8,0.109375,1,0.040962980412526,10,SNP
27741,0.036441291513668,0,0.832574812111618,0.633592433474817,,5.66666666666667,1,1,0.724989179296909,9,SNP
27752,-0.154022245663827,-0.083081813584487,0.977797794310644,0.366437094703524,,-18.2857142857143,0.6875,1,0.401678166469773,7,SNP
27754,-0.21363107835323,-0.219666346915131,1.15316312825593,0.788774446794247,,-7,1,1,0.611452986953504,8,SNP
27798,0.161588162760651,-0.352182518111363,0.848438077294194,0.236249614472851,,18.7777777777778,0.7265625,1,0.778906019912665,9,SNP
27804,0.019765508665093,0,0.549807713885872,0.397017162899553,,2.23076923076923,1,1,0.449130836150781,13,SNP
27841,0.588307661549963,0,1.37804478600447,0.428673767665494,,95.3333333333333,1,1,1,3,SNP
27877,-0.182792571304159,-0.176091259055681,0.635854866808105,0.282872484162462,,-47.1538461538462,0.548828125,1,0.228870849260967,13,SNP
27920,-0.108574540169046,0,0.577074422105078,0.346212150326122,,-4.125,0.999999999999999,1,0.462249946125543,16,SNP
27944,-0.705681625035763,-0.8750612633917,0.768682534254204,0.109270277190733,,-41.4444444444444,0.125,1,0.042153450235706,9,SNP
27945,-0.074065000509255,0,0.750802867610095,0.330288304682407,,-6.63636363636364,1,1,0.540554864131978,11,SNP
27964,-0.024254852801361,0,0.505904757594928,0.403486346176166,,-24.0909090909091,1,1,0.888502029228298,11,SNP
27987,0.107135757819208,0.096910013008056,0.782871764983948,0.26006104977526,,20.4444444444444,1,1,0.722049142150817,9,SNP
27999,-0.18689690340065,-0.088045629527841,0.39164458299802,0.317204493747896,,-57.1666666666667,1,1,0.498224853418339,6,SNP
28001,-0.127803692399087,-0.198970004336019,0.553388012641428,0.328768542509337,,-162.75,0.4239501953125,1,0.284453456476012,16,SNP
28011,-0.329482008081736,-0.636822097587174,1.27040879927997,0.382445787407047,,-380.2,0.375,1,0.4375,5,SNP
28077,-0.210214994878517,-0.176091259055681,0.727676866065462,0.150924994788599,,-8.89189189189189,0.110184165183455,1,0.152259591507152,37,SNP
28083,0.038118965075435,0,0.739393383582773,0.502448315980869,,10.8461538461538,1,1,0.76689821778087,13,SNP
28086,-0.140154996334254,0,0.730873848422715,0.287465546294985,,-139.157894736842,1,1,0.499096242908841,19,SNP
28087,0.020962483262468,-0.176091259055681,0.913066105258588,0.290265680997989,,52.1904761904762,0.359283447265625,1,0.732280775684036,21,SNP
28093,-0.374845115384025,-0.221848749616356,0.810139006137535,0.098227224318173,,-90.7241379310345,0.012540951371193,1,0.027032336329543,29,SNP
28221,-0.172558995953295,0,0.724941525386487,0.555186281371206,,18,1,1,1,7,SNP
28253,-0.520442451777836,-0.243038048686294,0.925137510368452,0.006319700624563,signif,-128.721518987342,9.61E-05,0.078249710780455,5.75E-06,79,SNP
28256,-0.220698615665898,-0.045088315174544,0.523534409331254,0.05085789255013,,-13.6,0.3017578125,1,0.056782937553177,20,SNP
28300,-0.174541811037974,-0.198970004336019,0.983394221607386,0.339346543508179,,-384.9,0.237884521484375,1,0.213993499060144,20,SNP
28310,0.111935947352093,0.088045629527841,1.79407825092289,0.738525766473878,,75,1,1,0.789268026134281,4,SNP
28311,0.023909774688205,-0.131887596563628,0.989923809738088,0.360474437267203,,83.4117647058823,0.454498291015625,1,0.451720986717485,17,SNP
28321,-0.229988647735751,-0.128753939608815,0.262563523321783,0.321943973655732,,-19.4,0.25,1,0.18144920772142,5,SNP
28338,0.035043260312109,0.033665986615915,1.44970223244893,0.430432601155317,,38.25,1,1,0.625,4,SNP
28368,0.232283484816437,0.191885526238913,0.207839736258273,0.220102610043239,,18.6,0.125,1,0.100348246462291,5,SNP
28371,0.287889773014386,0.273001272063738,0.57767503915847,0.235509733120029,,35.5714285714286,0.21875,1,0.142213241936393,7,SNP
28373,-0.092731259586277,0,0.620403386968689,0.18570007251962,,-4.76470588235294,1,1,0.628498155870629,17,SNP
28378,-0.33326093461432,-0.238560627359831,0.772519557379679,0.13865766405409,,-53,0.237884521484375,1,0.060930614679272,22,SNP
28453,-0.227349734464864,0,0.839712902778863,0.326874864740339,,-159.75,0.625,1,0.361310428526179,8,SNP
28472,0.149053545761843,0,0.449093363178954,0.167185949446682,,3.4,0.7744140625,1,0.252584957358949,15,SNP
28487,0.384242921326905,0.183988392647297,0.982493742116859,0.339185827711316,,58,1,1,0.41849223344682,6,SNP
28580,0.099551617795368,-0.243038048686294,1.1124207852238,0.401086862561024,,112.222222222222,0.7265625,1,0.726286148878805,9,SNP
28603,-0.34161509608878,-0.397940008672038,0.850056238410051,0.23006909639024,,-145.04347826087,0.052478790283203,1,0.043946961894426,23,SNP
28651,-0.145310125698129,-0.088045629527841,1.25566074075203,0.943622034914926,,23.875,1,1,0.799495361869692,8,SNP
28655,0.099624956208003,0,0.770303357355887,0.409339584112553,,8.73333333333333,0.999999999999999,1,0.888773197348581,15,SNP
28657,-0.098067959244805,0,0.638437013099249,0.293088586450942,,-67.9130434782609,0.823802947998047,1,0.443006562645555,23,SNP
28690,0.374420762212619,0.425968732272281,0.788582601577705,0.136118801785343,,14.2857142857143,0.453125,1,0.21875,7,SNP
28706,-0.421666032532622,-0.176091259055681,0.953686522436379,0.227541785152394,,-100.153846153846,0.2265625,1,0.100000618072013,13,SNP
28725,-0.154748213439818,0,1.21237656665217,0.360003259642456,,-473.571428571429,1,1,1,7,SNP
28759,0.066913414001515,-0.397940008672038,1.68070457836043,0.525829638662619,,140.333333333333,1,1,1,3,SNP
28795,0.100343331887994,0,0.173799749030751,0.422649730810374,,0.666666666666667,1,1,1,3,SNP
28812,-0.236568327463884,0.106455330914287,0.814797308949016,0.377909791234819,,-15.3076923076923,0.7744140625,1,0.783571125214368,13,SNP
28817,-0.188942095074498,-0.176091259055681,0.588776493233758,0.51944957167846,,10.4705882352941,0.11846923828125,1,0.171634002999255,17,SNP
28821,1.09261277766735,0.954242509439325,1.46772791591222,0.413142798613398,,427.333333333333,1,1,0.5,3,SNP
28833,0.16203792335417,0,0.766306429458441,0.3282765055325,,37.7,1,1,0.554113130069446,10,SNP
28836,0.889675389557444,0.074633618296904,1.47679991638526,0.420444725337484,,262.333333333333,0.5,1,0.371093369522698,3,SNP
28842,1.21128514828581,1.64262936916492,1.06338548927178,0.25618671337537,,236.333333333333,0.5,1,0.371093369522698,3,SNP
28846,0.164504488036117,0.261439372640169,0.454212183121403,0.26261587648125,,16.75,0.2890625,1,0.233379139969503,8,SNP
28849,0.155967447979686,0.238560627359831,0.990629506000299,0.388172732361716,,-71.6875,0.1795654296875,1,0.529955272542002,16,SNP
28851,-0.094886977653196,-0.108741972106953,0.616371478078471,0.196767911725308,,-19.8461538461538,0.40487289428711,1,0.385624899503773,26,SNP
28854,0.257688983169693,0.088045629527841,0.934139797136578,0.305879408450604,,122.071428571429,0.541256189346314,1,0.271038527478563,28,SNP
28860,-0.323990425466586,-0.176091259055681,0.418045300261445,0.395841459980801,,-7.33333333333333,0.5,1,0.371093369522698,3,SNP
28868,0.21509649908033,0.088045629527841,0.978526281772823,0.356088417471884,,42.375,1,1,0.554113130069446,8,SNP
28869,0.648561480932479,0.477121254719662,0.93791437599,0.323790934041621,,213.111111111111,0.0703125,1,0.057162150916876,9,SNP
28881,-0.21198261621972,-0.176091259055681,1.19740763167753,0.654987271621533,,114.533333333333,0.266845703125,1,0.085800842218345,15,SNP
28882,-0.019861811529521,-0.088045629527841,1.87939149971751,0.65167080107329,,313.333333333333,1,1,0.892250486903652,6,SNP
28883,0.059707620586982,0.088045629527841,1.88145990061897,0.65092612641262,,314,1,1,0.892250486903652,6,SNP
28884,0.282687110637972,0.429526238412771,0.888829950051609,0.252484510288618,,39.5,0.6875,1,0.3125,6,SNP
28887,-0.037739542078621,0,0.853267202308073,0.474612096728838,,-25.8387096774194,1,1,0.726246610480958,31,SNP
28890,0.660986007292747,1.13033376849501,0.779174633413717,0.102553341685978,,22.4,0.375,1,0.1875,5,SNP
28899,0.02355368440631,0.1249387366083,0.607288143786918,0.802559347548541,,-2.44,0.210039615631103,1,0.783971658060742,25,SNP
28903,0.153132061732983,0.176091259055681,0.592518171560783,0.319762548786366,,29.0666666666667,0.79052734375,1,0.310480933819338,15,SNP
28905,-0.144159928391259,0,0.641730671638884,0.756582839488273,,-4.5,1,1,0.646033591457102,12,SNP
28932,0.357683271201406,-0.278151250383644,1.83857135972483,0.36345896446642,,7639.33333333333,0.375,1,0.589638551626567,6,SNP
28961,0.422390576134338,-0.176091259055681,1.14650420940243,0.435968848418688,,71,1,1,1,3,SNP
28977,0.440998042994627,-0.1249387366083,1.1361474408,0.426850460443656,,182.333333333333,1,1,1,3,SNP
29044,1.26022975601323,1.86628733908419,1.52733741327244,0.325027264509234,,292.333333333333,1,1,0.5,3,SNP
29077,0.023947823792007,-0.22357901567111,0.683513338392837,0.796984470599183,,1.2,0.75390625,1,0.9187600955118,10,SNP
29095,-0.162900935579692,0,0.75033024571364,0.562292876885315,,-17.4594594594595,0.184933342039585,1,0.247694808035909,37,SNP
29144,0.087479131865641,0,0.660605805075201,0.781847879289064,,-6.63636363636364,1,1,1,11,SNP
29148,0.275887004518366,0,1.14787171976691,0.386628619011317,,108.6,1,1,1,5,SNP
29167,-0.191074826627867,-0.198970004336019,1.03834383593372,0.684550100304752,,9.78571428571429,0.7744140625,1,0.60998267970586,14,SNP
29179,0.25456533002342,0.096910013008056,0.874468655163172,0.179770504945562,,68.8823529411765,0.4239501953125,1,0.488673694030146,17,SNP
29200,-0.040251186482173,-0.301029995663981,0.69594485798102,0.550343046663122,,5.06666666666667,0.14599609375,1,0.254608240057477,15,SNP
29227,-0.419764972904584,-0.238560627359831,0.820334505782734,0.238065799605276,,-31.8,0.7265625,1,0.207020997219861,10,SNP
29254,-0.362675541621495,-0.176091259055681,0.94489621471847,0.158371971079447,,-62.3529411764706,0.11846923828125,1,0.145814985669485,17,SNP
29260,0.049376483283071,0,0.736384420840877,0.833841419985193,,-2.31578947368421,1,1,0.534515190835994,19,SNP
29274,-0.209441648095341,-0.397940008672038,0.718619071127952,0.186129717411156,,-17.1333333333333,0.266845703125,1,0.263202531537387,15,SNP
29284,-0.139197158051662,-0.1249387366083,0.476563158585856,0.813581663250616,,-2.26666666666667,0.3876953125,1,0.454035098138684,15,SNP
29296,-0.074852134618676,-0.176091259055681,0.441384015203923,0.490473991637954,,-1.54545454545455,0.5078125,1,0.514300487456305,11,SNP
29348,0.106338974857955,-0.1249387366083,1.00400363981663,0.319948619507642,,21.1428571428571,0.6875,1,1,7,SNP
29353,-0.111753197170555,0.088045629527841,0.681015444039655,0.391107765171919,,-4.625,0.6875,1,1,8,SNP
29366,0.335843622235356,-0.1249387366083,1.10174119297026,0.324477434405824,,137.666666666667,0.7265625,1,0.94411409557764,9,SNP
29402,0.03243361627746,0.210853365314893,0.806039020737391,0.471750956146032,,-55.5142857142857,0.486850241664797,1,0.622952985178736,35,SNP
29420,-0.438524328177365,-0.439332693830263,0.698174727578214,0.329070018379621,,-184.545454545455,0.01171875,1,0.036207843394119,11,SNP
29421,0.338841486578857,0.411954370472159,0.664826338774653,0.301507833741757,,11.4285714285714,0.092285156250001,1,0.115740247748755,14,SNP
29422,-0.005235911256696,0,0.580012874279443,0.519374123938855,,-2.6,1,1,0.563317799720071,15,SNP
29445,-0.117074177173849,-0.176091259055681,0.581758121829926,0.354865343065834,,-10.8461538461538,0.7744140625,1,0.906149568422257,13,SNP
29466,0.071133627564097,0.176091259055681,0.78207574807517,0.353733571078259,,227.076923076923,0.34375,1,0.61006655674985,13,SNP
29474,-0.119583170734507,-0.238560627359831,0.511605630370401,0.758177991227004,,1.41666666666667,0.2265625,1,0.449355423129189,12,SNP
29500,0.124365589530938,0.88357793304109,2.6611128943896,0.423266640071607,,-2382.5,0.625,1,0.875,4,SNP
29518,0.227435955313034,0.132324598849486,1.03313565209056,0.324833558274635,,72.5,1,1,0.625,4,SNP
29540,0.06246936830415,0.301029995663981,0.862175608934804,0.91451377771703,,-1,1,1,1,4,SNP
29541,-0.301441004711496,-0.176091259055681,0.549722230315637,0.301800282528029,,-57.3529411764706,0.09228515625,1,0.018674617381796,17,SNP
29543,-0.129594407920209,0,0.671998093010844,0.659299306816829,,-3.94444444444444,1,1,0.533209650546677,18,SNP
29546,0.124819779183472,0.088045629527841,0.518469444464776,0.440315612378535,,-23.5,1,1,0.932526329615048,8,SNP
